location,date,time,precipitation(mm),air_pressure(hPa),temperature(ËšC),wind(m/s),humidity(%)
Beijing ,2022-01-01,6:00:00 AM,1,999.4,13.9,6,93.1
Beijing ,2022-01-01,12:00:00 PM,0,998.7,13.9,4,96.2
Beijing ,2022-01-01,6:00:00 PM,8,994.7,15,3,93.1
Beijing ,2022-01-02,12:00:00 AM,0,991,15.6,6,96.2
Beijing ,2022-01-02,6:00:00 AM,9,991.3,12.8,0,96.1
Beijing ,2022-01-02,12:00:00 PM,1,992.3,13.3,0,96.8
Beijing ,2022-01-02,6:00:00 PM,0,994.3,16.7,4,86.3
Beijing ,2022-01-03,12:00:00 AM,0,1001,12.2,14,64
Beijing ,2022-01-03,6:00:00 PM,10,1005.4,-1.1,17,65.7
Beijing ,2022-01-04,12:00:00 AM,0,1012.1,-0.6,7,53.4
Beijing ,2022-01-04,6:00:00 AM,0,1016.5,-2.8,10,62.8
Beijing ,2022-01-04,12:00:00 PM,0,1018.8,-8.3,0,91.8
Beijing ,2022-01-04,6:00:00 PM,0,1018.8,-1.1,6,74.8
Beijing ,2022-01-05,12:00:00 AM,0,1015.5,-2.2,4,84.8
Beijing ,2022-01-05,6:00:00 AM,0,1011.4,-3.3,6,84.1
Beijing ,2022-01-05,12:00:00 PM,0,1005.7,-1.1,5,81.2
Beijing ,2022-01-05,6:00:00 PM,0,999,2.2,8,75.4
Beijing ,2022-01-06,12:00:00 AM,0,996.7,0.6,4,88.4
Beijing ,2022-01-06,6:00:00 AM,0,996.7,1.7,3,88.5
Beijing ,2022-01-06,12:00:00 PM,0,1001.7,-1.1,0,74.8
Beijing ,2022-01-06,6:00:00 PM,0,1003,5,7,42.5
Beijing ,2022-01-07,12:00:00 AM,0,1001.7,2.8,5,51.9
Beijing ,2022-01-07,6:00:00 AM,1,998,0,8,88.3
Beijing ,2022-01-07,12:00:00 PM,6,1002.7,-2.8,15,68.4
Beijing ,2022-01-07,6:00:00 PM,0,1007.1,-2.2,22,50.5
Beijing ,2022-01-08,12:00:00 AM,0,1014.5,-4.4,12,54.5
Beijing ,2022-01-08,6:00:00 AM,0,1019.2,-6.1,5,59
Beijing ,2022-01-08,12:00:00 PM,0,1023.9,-7.8,5,64.6
Beijing ,2022-01-08,6:00:00 PM,0,1025.2,-1.1,0,44.4
Beijing ,2022-01-09,12:00:00 AM,0,1024.5,-1.7,4,46.4
Beijing ,2022-01-09,6:00:00 AM,0,1020.5,-1.1,9,50.8
Beijing ,2022-01-09,12:00:00 PM,0,1014.5,-0.6,7,58.2
Beijing ,2022-01-09,6:00:00 PM,3,1009.4,2.2,4,92.4
Beijing ,2022-01-10,12:00:00 AM,5,1006.1,4.4,6,96.5
Beijing ,2022-01-10,6:00:00 AM,0,1008.7,4.4,21,64.5
Beijing ,2022-01-10,12:00:00 PM,0,1012.1,-1.1,17,40.6
Beijing ,2022-01-10,6:00:00 PM,0,1012.4,1.1,9,39.7
Beijing ,2022-01-11,12:00:00 AM,0,1013.8,-0.6,17,49
Beijing ,2022-01-11,6:00:00 AM,0,1016.1,-3.3,8,47.8
Beijing ,2022-01-11,12:00:00 PM,0,1022.2,-5.6,8,56.8
Beijing ,2022-01-11,6:00:00 PM,0,1023.2,-3.3,9,36.4
Beijing ,2022-01-12,12:00:00 AM,0,1022.5,-5,4,45.4
Beijing ,2022-01-12,6:00:00 AM,0,1018.8,-6.7,4,61.8
Beijing ,2022-01-12,12:00:00 PM,0,1013.1,-3.9,11,57.3
Beijing ,2022-01-12,6:00:00 PM,0,1008.4,6.1,8,36.1
Beijing ,2022-01-13,12:00:00 AM,0,1007.4,5.6,5,42.6
Beijing ,2022-01-13,6:00:00 AM,0,1006.4,0.6,0,69.1
Beijing ,2022-01-14,12:00:00 AM,0,1000,6.7,4,48.8
Beijing ,2022-01-14,6:00:00 AM,0,998.7,0.6,3,75.1
Beijing ,2022-01-14,12:00:00 PM,0,999,0.6,6,77.9
Beijing ,2022-01-14,6:00:00 PM,0,1000.4,6.7,14,65
Beijing ,2022-01-15,12:00:00 AM,0,1004.4,4.4,11,59.5
Beijing ,2022-01-15,6:00:00 AM,0,1007.7,-0.6,12,53.4
Beijing ,2022-01-15,12:00:00 PM,0,1012.1,-4.4,10,49.8
Beijing ,2022-01-15,6:00:00 PM,0,1015.5,-3.3,10,33.2
Beijing ,2022-01-16,12:00:00 AM,0,1016.5,-5,9,35.9
Beijing ,2022-01-16,6:00:00 AM,0,1016.8,-8.3,6,48.7
Beijing ,2022-01-16,12:00:00 PM,0,1016.1,-9.4,5,55.3
Beijing ,2022-01-16,6:00:00 PM,0,1009.8,-5.6,8,52
Beijing ,2022-01-17,12:00:00 AM,11,996.3,-1.7,11,88.8
Beijing ,2022-01-17,6:00:00 AM,19,975.2,3.9,0,95.9
Beijing ,2022-01-17,12:00:00 PM,1,976.2,0.6,11,88.4
Beijing ,2022-01-17,6:00:00 PM,0,981.6,2.2,17,51.7
Beijing ,2022-01-18,12:00:00 AM,0,989.6,1.1,12,47.2
Beijing ,2022-01-18,6:00:00 AM,0,996,0.6,14,58
Beijing ,2022-01-18,12:00:00 PM,0,1002.7,1.1,6,56
Beijing ,2022-01-18,6:00:00 PM,0,1008.1,2.2,14,54.2
Beijing ,2022-01-19,12:00:00 AM,0,1010.4,-2.2,0,71.2
Beijing ,2022-01-19,6:00:00 AM,0,1010.4,-2.8,5,71.7
Beijing ,2022-01-19,12:00:00 PM,0,1008.7,0,8,63.5
Beijing ,2022-01-19,6:00:00 PM,0,1005.7,7.2,13,43.4
Beijing ,2022-01-20,12:00:00 AM,0,1005.1,8.9,8,43.6
Beijing ,2022-01-20,6:00:00 AM,2,1005.1,3.9,3,92.5
Beijing ,2022-01-20,12:00:00 PM,8,1007.4,5,6,88.7
Beijing ,2022-01-20,6:00:00 PM,3,1011.8,1.7,13,58.3
Beijing ,2022-01-21,12:00:00 AM,0,1015.5,-0.6,13,44.9
Beijing ,2022-01-21,6:00:00 AM,0,1018.5,-4.4,10,49.8
Beijing ,2022-01-21,12:00:00 PM,0,1021.8,-7.8,11,53.5
Beijing ,2022-01-21,6:00:00 PM,0,1022.2,-6.1,11,46.9
Beijing ,2022-01-22,12:00:00 AM,0,1021.8,-5.6,8,49.9
Beijing ,2022-01-22,6:00:00 AM,0,1020.2,-7.2,7,51.1
Beijing ,2022-01-22,12:00:00 PM,0,1019.2,-8.9,7,51
Beijing ,2022-01-22,6:00:00 PM,0,1016.1,-2.2,6,29.1
Beijing ,2022-01-23,12:00:00 AM,0,1011.8,-5,0,54.3
Beijing ,2022-01-23,6:00:00 AM,0,1008.1,-4.4,0,47.4
Beijing ,2022-01-23,12:00:00 PM,0,1005.4,-7.8,0,73.5
Beijing ,2022-01-23,6:00:00 PM,0,1000,3.3,8,33.9
Beijing ,2022-01-24,12:00:00 AM,0,997.3,1.1,0,49.5
Beijing ,2022-01-24,6:00:00 AM,0,998.7,1.7,3,58.3
Beijing ,2022-01-24,12:00:00 PM,0,1002.4,-2.2,5,62.9
Beijing ,2022-01-24,6:00:00 PM,0,1000,3.3,9,43.9
Beijing ,2022-01-25,12:00:00 AM,0,998,2.8,7,59.1
Beijing ,2022-01-25,6:00:00 AM,0,998,1.1,4,58.6
Beijing ,2022-01-25,12:00:00 PM,0,1000.4,-1.7,0,78.1
Beijing ,2022-01-25,6:00:00 PM,0,1003.7,6.7,10,55
Beijing ,2022-01-26,12:00:00 AM,0,1009.8,0.6,14,47
Beijing ,2022-01-26,6:00:00 AM,0,1012.8,-3.3,9,50.1
Beijing ,2022-01-26,12:00:00 PM,0,1016.1,-7.8,0,64.6
Beijing ,2022-01-26,6:00:00 PM,0,1017.1,-1.1,7,37.1
Beijing ,2022-01-27,12:00:00 AM,0,1018.8,-3.3,6,43.7
Beijing ,2022-01-27,6:00:00 AM,0,1020.5,-8.9,3,64.3
Beijing ,2022-01-27,12:00:00 PM,0,1020.2,-11.7,0,76.5
Beijing ,2022-01-27,6:00:00 PM,0,1016.8,0,10,40.9
Beijing ,2022-01-28,12:00:00 AM,0,1013.8,1.1,5,41.3
Beijing ,2022-01-28,6:00:00 AM,0,1010.8,-0.6,0,53.4
Beijing ,2022-01-28,12:00:00 PM,0,1008.7,-0.6,0,60.9
Beijing ,2022-01-28,6:00:00 PM,0,1006.4,2.8,5,66.6
Beijing ,2022-01-29,12:00:00 AM,3,1004.1,0.6,7,91.6
Beijing ,2022-01-29,6:00:00 AM,1,1001,-0.6,12,85
Beijing ,2022-01-29,12:00:00 PM,0,1000.4,-5,13,71.2
Beijing ,2022-01-29,6:00:00 PM,0,1001,-4.4,21,41.2
Beijing ,2022-01-30,12:00:00 AM,0,1002.7,-6.1,12,41.1
Beijing ,2022-01-30,6:00:00 AM,0,1005.7,-7.8,10,48.8
Beijing ,2022-01-30,12:00:00 PM,0,1007.7,-11.1,0,63.3
Beijing ,2022-01-30,6:00:00 PM,0,1006.7,-2.8,9,40.4
Beijing ,2022-01-31,12:00:00 AM,0,1007.1,-1.7,0,50.6
Beijing ,2022-01-31,6:00:00 AM,0,1009.4,-2.8,0,50.3
Beijing ,2022-01-31,12:00:00 PM,0,1011.8,-5,3,64.8
Beijing ,2022-01-31,6:00:00 PM,0,1014.5,2.2,3,45.7
Beijing ,2022-02-01,12:00:00 AM,0,1016.1,-0.6,7,53.4
Beijing ,2022-02-01,6:00:00 AM,0,1019.2,-4.4,0,68.1
Beijing ,2022-02-01,12:00:00 PM,0,1020.8,-7.8,0,80.3
Beijing ,2022-02-01,6:00:00 PM,0,1020.5,5,3,42.5
Beijing ,2022-02-02,12:00:00 AM,0,1020.2,-0.6,4,66.3
Beijing ,2022-02-02,6:00:00 AM,0,1019.8,-0.6,3,78.3
Beijing ,2022-02-02,12:00:00 PM,0,1019.2,0,0,92.3
Beijing ,2022-02-02,6:00:00 PM,0,1017.8,7.2,8,55.5
Beijing ,2022-02-03,12:00:00 AM,0,1014.1,5.6,5,67.2
Beijing ,2022-02-03,6:00:00 AM,0,1013.8,5,4,88.7
Beijing ,2022-02-03,12:00:00 PM,6,1013.1,5.6,0,92
Beijing ,2022-02-03,6:00:00 PM,7,1010.8,8.3,5,92.8
Beijing ,2022-02-04,12:00:00 AM,2,1006.4,9.4,4,96.7
Beijing ,2022-02-04,6:00:00 AM,1,1001,12.8,9,93
Beijing ,2022-02-04,12:00:00 PM,3,1000,10,11,89.2
Beijing ,2022-02-04,6:00:00 PM,8,1001.7,3.9,11,88.6
Beijing ,2022-02-05,12:00:00 AM,5,1006.1,3.3,10,72.8
Beijing ,2022-02-05,6:00:00 AM,0,1008.4,0,8,65.9
Beijing ,2022-02-05,12:00:00 PM,0,1012.8,-1.1,9,55.4
Beijing ,2022-02-05,6:00:00 PM,0,1018.1,0,14,40.9
Beijing ,2022-02-06,12:00:00 AM,0,1021.5,3.3,10,27
Beijing ,2022-02-06,6:00:00 AM,0,1023.2,-4.4,0,56.7
Beijing ,2022-02-06,12:00:00 PM,0,1024.5,-6.7,0,70.9
Beijing ,2022-02-06,6:00:00 PM,0,1022.2,0.6,5,42.8
Beijing ,2022-02-07,12:00:00 AM,0,1019.8,-0.6,6,44.9
Beijing ,2022-02-07,6:00:00 AM,0,1017.8,-3.3,0,68.3
Beijing ,2022-02-07,12:00:00 PM,0,1015.8,-2.8,3,62.8
Beijing ,2022-02-07,6:00:00 PM,0,1012.1,5,0,52.5
Beijing ,2022-02-08,12:00:00 AM,0,1008.1,2.8,3,78.3
Beijing ,2022-02-08,6:00:00 AM,0,1004.7,-1.7,0,81.8
Beijing ,2022-02-08,12:00:00 PM,0,1006.1,-3.9,0,84.6
Beijing ,2022-02-08,6:00:00 PM,0,1006.4,7.2,10,36.5
Beijing ,2022-02-09,12:00:00 AM,0,1007.7,3.3,3,37
Beijing ,2022-02-09,6:00:00 AM,0,1007.7,-3.9,0,74.3
Beijing ,2022-02-09,12:00:00 PM,0,1007.4,-5.6,0,81.2
Beijing ,2022-02-09,6:00:00 PM,0,1003.7,12.2,7,33.7
Beijing ,2022-02-10,12:00:00 AM,0,1000.7,9.4,5,37.4
Beijing ,2022-02-10,6:00:00 AM,0,1001,7.8,5,45.3
Beijing ,2022-02-10,12:00:00 PM,0,1001.4,1.1,5,69.2
Beijing ,2022-02-10,6:00:00 PM,0,1000.4,13.3,13,31.4
Beijing ,2022-02-11,12:00:00 AM,0,1001.7,7.2,3,41.5
Beijing ,2022-02-11,6:00:00 AM,0,1003.4,-1.1,0,71.4
Beijing ,2022-02-11,12:00:00 PM,0,1004.7,-3.3,3,80.9
Beijing ,2022-02-11,6:00:00 PM,0,1001,17.2,20,25.3
Beijing ,2022-02-12,12:00:00 AM,0,999.7,15.6,9,27
Beijing ,2022-02-12,6:00:00 AM,0,1000.4,13.3,12,35.3
Beijing ,2022-02-12,12:00:00 PM,0,1002.4,8.3,4,51.5
Beijing ,2022-02-12,6:00:00 PM,0,1005.4,12.2,8,46.6
Beijing ,2022-02-13,12:00:00 AM,0,1007.4,11.1,8,39.4
Beijing ,2022-02-13,6:00:00 AM,1,1009.1,2.8,12,85.4
Beijing ,2022-02-13,12:00:00 PM,4,1009.8,0.6,9,88.4
Beijing ,2022-02-13,6:00:00 PM,1,1009.1,0,7,75
Beijing ,2022-02-14,12:00:00 AM,0,1007.1,-0.6,7,58.2
Beijing ,2022-02-14,6:00:00 AM,0,1007.4,-2.2,5,68.5
Beijing ,2022-02-14,12:00:00 PM,0,1011.1,-5,7,67.9
Beijing ,2022-02-14,6:00:00 PM,0,1013.4,-2.2,11,44
Beijing ,2022-02-15,12:00:00 AM,0,1016.8,-3.3,4,39.9
Beijing ,2022-02-15,6:00:00 AM,0,1021.2,-5,3,47.7
Beijing ,2022-02-15,12:00:00 PM,0,1024.5,-8.3,4,67.2
Beijing ,2022-02-15,6:00:00 PM,0,1026.2,1.7,3,39.5
Beijing ,2022-02-16,12:00:00 AM,0,1025.9,0.6,4,42.8
Beijing ,2022-02-16,6:00:00 AM,0,1026.9,-0.6,5,63.3
Beijing ,2022-02-16,12:00:00 PM,0,1026.2,-2.2,5,74.6
Beijing ,2022-02-16,6:00:00 PM,0,1022.8,10,15,39
Beijing ,2022-02-17,12:00:00 AM,0,1017.8,10,5,47.6
Beijing ,2022-02-17,6:00:00 AM,0,1015.8,8.3,10,65.4
Beijing ,2022-02-17,12:00:00 PM,0,1012.1,11.1,12,68.8
Beijing ,2022-02-17,6:00:00 PM,0,1006.1,17.2,14,62.6
Beijing ,2022-02-18,12:00:00 AM,0,996.3,20,12,48.8
Beijing ,2022-02-18,6:00:00 AM,0,989.6,19.4,20,61
Beijing ,2022-02-18,12:00:00 PM,1,994,10.6,24,56
Beijing ,2022-02-18,6:00:00 PM,0,1004.4,6.7,19,41.1
Beijing ,2022-02-19,12:00:00 AM,0,1008.1,1.7,12,45.2
Beijing ,2022-02-19,6:00:00 AM,0,1009.1,-4.4,0,68.1
Beijing ,2022-02-19,12:00:00 PM,0,1006.7,-3.9,9,68.2
Beijing ,2022-02-19,6:00:00 PM,0,1003.7,7.8,27,29.5
Beijing ,2022-02-20,12:00:00 AM,0,1014.5,-0.6,15,29.8
Beijing ,2022-02-20,6:00:00 AM,0,1019.5,-5,4,37.8
Beijing ,2022-02-20,12:00:00 PM,0,1021.2,-8.3,3,61.4
Beijing ,2022-02-20,6:00:00 PM,0,1019.5,2.8,6,28
Beijing ,2022-02-21,12:00:00 AM,0,1015.8,4.4,6,25
Beijing ,2022-02-21,6:00:00 AM,0,1014.5,3.3,12,32.3
Beijing ,2022-02-21,12:00:00 PM,0,1015.1,-1.7,3,53.1
Beijing ,2022-02-21,6:00:00 PM,0,1013.8,17.8,10,19
Beijing ,2022-02-22,12:00:00 AM,0,1013.4,14.4,6,24.6
Beijing ,2022-02-22,6:00:00 AM,0,1013.4,10.6,5,49.9
Beijing ,2022-02-22,12:00:00 PM,0,1011.8,7.2,4,82.4
Beijing ,2022-02-22,6:00:00 PM,0,1008.1,16.7,14,77.8
Beijing ,2022-02-23,12:00:00 AM,1,1005.4,18.3,21,72.6
Beijing ,2022-02-23,6:00:00 AM,0,1004.4,17.8,11,69.7
Beijing ,2022-02-23,12:00:00 PM,0,1005.1,15.6,10,80.2
Beijing ,2022-02-23,6:00:00 PM,0,1005.7,21.7,10,50.9
Beijing ,2022-02-24,12:00:00 AM,0,1010.4,12.8,13,41.3
Beijing ,2022-02-24,6:00:00 AM,0,1015.5,3.9,12,54.6
Beijing ,2022-02-24,12:00:00 PM,0,1017.8,2.2,7,54.2
Beijing ,2022-02-24,6:00:00 PM,4,1019.2,0.6,7,88.4
Beijing ,2022-02-25,12:00:00 AM,3,1017.1,0.6,5,88.4
Beijing ,2022-02-25,6:00:00 AM,12,1013.8,0.6,7,88.4
Beijing ,2022-02-25,12:00:00 PM,0,1005.4,0.6,8,91.6
Beijing ,2022-02-25,6:00:00 PM,1,1006.1,10,5,74.1
Beijing ,2022-02-26,12:00:00 AM,0,1013.1,6.1,19,52.8
Beijing ,2022-02-26,6:00:00 AM,0,1018.1,1.7,11,56.1
Beijing ,2022-02-26,12:00:00 PM,0,1020.8,0,12,51.1
Beijing ,2022-02-26,6:00:00 PM,0,1019.2,3.3,3,46
Beijing ,2022-02-27,12:00:00 AM,0,1016.1,2.8,0,59.1
Beijing ,2022-02-27,6:00:00 AM,0,1013.4,-1.1,0,74.8
Beijing ,2022-02-27,12:00:00 PM,0,1011.4,-1.1,8,74.8
Beijing ,2022-02-27,6:00:00 PM,0,1007.1,10,12,25.4
Beijing ,2022-02-28,12:00:00 AM,0,1004.7,8.3,9,27.4
Beijing ,2022-02-28,6:00:00 AM,0,1007.4,5,7,39
Beijing ,2022-02-28,12:00:00 PM,0,1011.8,3.3,4,54.5
Beijing ,2022-02-28,6:00:00 PM,0,1013.4,7.8,7,36.7
Beijing ,2022-03-01,12:00:00 AM,0,1012.1,5.6,6,42.6
Beijing ,2022-03-01,6:00:00 AM,0,1012.8,0.6,5,71.8
Beijing ,2022-03-01,12:00:00 PM,0,1011.4,-0.6,8,81.9
Beijing ,2022-03-01,6:00:00 PM,0,1006.7,8.9,4,53.6
Beijing ,2022-03-02,12:00:00 AM,0,1003.4,11.1,11,42.7
Beijing ,2022-03-02,6:00:00 AM,0,1004.1,8.9,4,51.3
Beijing ,2022-03-02,12:00:00 PM,0,1005.7,0.6,0,84.5
Beijing ,2022-03-02,6:00:00 PM,0,1005.4,15,4,42
Beijing ,2022-03-03,12:00:00 AM,0,1003,12.2,6,50.4
Beijing ,2022-03-03,6:00:00 AM,0,1000.7,6.1,14,73.4
Beijing ,2022-03-03,12:00:00 PM,0,1004.4,10,15,60.9
Beijing ,2022-03-03,6:00:00 PM,0,1008.4,11.7,14,33.3
Beijing ,2022-03-04,12:00:00 AM,0,1012.8,7.8,8,23.6
Beijing ,2022-03-04,6:00:00 AM,0,1019.5,0,4,39.3
Beijing ,2022-03-04,12:00:00 PM,0,1022.8,-4.4,5,51.9
Beijing ,2022-03-04,6:00:00 PM,0,1021.8,4.4,4,32.6
Beijing ,2022-03-05,12:00:00 AM,0,1019.2,2.2,0,49.8
Beijing ,2022-03-05,6:00:00 AM,0,1019.2,1.1,3,63.7
Beijing ,2022-03-05,12:00:00 PM,0,1019.8,0.6,9,77.9
Beijing ,2022-03-05,6:00:00 PM,0,1017.5,13.9,8,41.7
Beijing ,2022-03-06,12:00:00 AM,0,1013.8,12.8,4,54.6
Beijing ,2022-03-06,6:00:00 AM,0,1010.8,10.6,16,76.8
Beijing ,2022-03-06,12:00:00 PM,0,1007.4,17.2,16,77.8
Beijing ,2022-03-06,6:00:00 PM,0,1006.4,23.9,8,49.8
Beijing ,2022-03-07,12:00:00 AM,0,1006.4,22.8,6,51.2
Beijing ,2022-03-07,6:00:00 AM,0,1004.7,17.2,11,70.1
Beijing ,2022-03-07,12:00:00 PM,0,1000.7,16.7,21,72.3
Beijing ,2022-03-07,6:00:00 PM,0,996.3,24.4,19,50
Beijing ,2022-03-08,12:00:00 AM,0,994,20.6,20,65.4
Beijing ,2022-03-08,6:00:00 AM,0,1002.4,8.9,12,51.3
Beijing ,2022-03-08,12:00:00 PM,0,1008.7,5.6,3,50.4
Beijing ,2022-03-08,6:00:00 PM,0,1010.8,9.4,5,35.8
Beijing ,2022-03-09,12:00:00 AM,0,1009.1,7.8,3,45.3
Beijing ,2022-03-09,6:00:00 AM,0,1009.1,6.7,3,50.7
Beijing ,2022-03-09,12:00:00 PM,4,1005.1,5,4,92.6
Beijing ,2022-03-09,6:00:00 PM,6,1000,6.1,9,88.8
Beijing ,2022-03-10,12:00:00 AM,1,1004.1,5,5,82.1
Beijing ,2022-03-10,6:00:00 AM,0,1007.4,4.4,0,73.1
Beijing ,2022-03-10,12:00:00 PM,0,1011.4,0,4,92.3
Beijing ,2022-03-10,6:00:00 PM,0,1009.4,10,3,43.9
Beijing ,2022-03-11,12:00:00 AM,0,1008.1,8.9,0,49.5
Beijing ,2022-03-11,6:00:00 AM,0,1008.7,1.1,0,85.2
Beijing ,2022-03-11,12:00:00 PM,0,1007.7,0.6,10,91.6
Beijing ,2022-03-11,6:00:00 PM,0,1004.4,15.6,9,45.6
Beijing ,2022-03-12,12:00:00 AM,0,998.7,12.8,10,56.6
Beijing ,2022-03-12,6:00:00 AM,0,992.6,8.9,18,82.6
Beijing ,2022-03-12,12:00:00 PM,7,988.9,1.1,20,88.4
Beijing ,2022-03-12,6:00:00 PM,6,990,-0.6,18,72.1
Beijing ,2022-03-13,12:00:00 AM,0,999.7,-3.9,20,45.7
Beijing ,2022-03-13,6:00:00 AM,0,1008.7,-5.6,0,56.8
Beijing ,2022-03-13,12:00:00 PM,0,1015.1,-6.1,13,49.3
Beijing ,2022-03-13,6:00:00 PM,0,1013.8,1.1,4,39.7
Beijing ,2022-03-14,12:00:00 AM,0,1010.8,3.9,0,42.1
Beijing ,2022-03-14,6:00:00 AM,0,1015.5,-2.2,0,71.2
Beijing ,2022-03-14,12:00:00 PM,0,1018.1,-2.8,10,78
Beijing ,2022-03-14,6:00:00 PM,0,1018.5,15,6,34.3
Beijing ,2022-03-15,12:00:00 AM,0,1016.1,12.2,7,39.7
Beijing ,2022-03-15,6:00:00 AM,0,1015.5,8.3,3,49.3
Beijing ,2022-03-15,12:00:00 PM,0,1013.8,3.3,0,72.8
Beijing ,2022-03-15,6:00:00 PM,0,1011.4,20,5,26.1
Beijing ,2022-03-16,12:00:00 AM,0,1009.1,16.1,0,32
Beijing ,2022-03-16,6:00:00 AM,0,1010.4,7.2,0,62.8
Beijing ,2022-03-16,12:00:00 PM,0,1011.4,3.3,3,82.4
Beijing ,2022-03-16,6:00:00 PM,0,1010.1,21.7,7,26.6
Beijing ,2022-03-17,12:00:00 AM,0,1007.4,17.2,4,35.2
Beijing ,2022-03-17,6:00:00 AM,0,1006.4,13.3,6,54.8
Beijing ,2022-03-17,12:00:00 PM,2,1004.1,10,8,89.2
Beijing ,2022-03-17,6:00:00 PM,1,1002,13.9,0,80.5
Beijing ,2022-03-18,12:00:00 AM,0,1002.4,13.3,0,86.5
Beijing ,2022-03-18,6:00:00 AM,0,1004.1,7.8,0,96
Beijing ,2022-03-18,12:00:00 PM,0,1005.1,5,8,95.9
Beijing ,2022-03-18,6:00:00 PM,0,1004.7,23.9,11,36.9
Beijing ,2022-03-19,12:00:00 AM,0,1000.7,20.6,7,52.7
Beijing ,2022-03-19,6:00:00 AM,0,999.4,15.6,11,74.6
Beijing ,2022-03-19,12:00:00 PM,0,998.3,15,15,77.5
Beijing ,2022-03-19,6:00:00 PM,0,996.7,19.4,13,65.6
Beijing ,2022-03-20,12:00:00 AM,0,993.6,22.8,9,42.5
Beijing ,2022-03-20,6:00:00 AM,0,998.7,13.9,3,50.9
Beijing ,2022-03-20,12:00:00 PM,0,1002,10,21,56.3
Beijing ,2022-03-20,6:00:00 PM,0,1002.7,13.9,14,41.7
Beijing ,2022-03-21,12:00:00 AM,0,1005.7,10.6,4,45.8
Beijing ,2022-03-21,12:00:00 PM,0,1012.4,5.6,12,59.3
Beijing ,2022-03-21,6:00:00 PM,0,1010.8,18.3,5,31.5
Beijing ,2022-03-22,12:00:00 AM,0,1007.7,17.2,0,28.7
Beijing ,2022-03-22,6:00:00 AM,0,1008.7,6.1,6,73.4
Beijing ,2022-03-22,12:00:00 PM,0,1010.4,8.3,4,63.1
Beijing ,2022-03-22,6:00:00 PM,0,1011.1,19.4,7,30.7
Beijing ,2022-03-23,12:00:00 AM,0,1008.7,16.1,6,42.3
Beijing ,2022-03-23,6:00:00 AM,0,1009.8,10,5,49.8
Beijing ,2022-03-23,12:00:00 PM,0,1008.1,8.9,13,40.2
Beijing ,2022-03-23,6:00:00 PM,2,1006.1,9.4,4,79.8
Beijing ,2022-03-24,12:00:00 AM,3,1001.7,10.6,8,92.3
Beijing ,2022-03-24,6:00:00 AM,4,998.3,11.7,7,93
Beijing ,2022-03-24,12:00:00 PM,0,1000.7,9.4,6,89.7
Beijing ,2022-03-24,6:00:00 PM,0,1000,11.7,4,79.6
Beijing ,2022-03-25,12:00:00 AM,0,995.3,12.8,0,86.5
Beijing ,2022-03-25,6:00:00 AM,0,996,8.3,3,92.8
Beijing ,2022-03-25,12:00:00 PM,0,996.3,7.2,13,70.5
Beijing ,2022-03-25,6:00:00 PM,0,993.3,15.6,9,37.3
Beijing ,2022-03-26,12:00:00 AM,0,993,12.8,8,44.8
Beijing ,2022-03-26,6:00:00 AM,0,993.3,10,12,53.9
Beijing ,2022-03-26,12:00:00 PM,0,991,7.8,15,47
Beijing ,2022-03-26,6:00:00 PM,0,990,8.3,11,47.5
Beijing ,2022-03-27,12:00:00 AM,0,993.6,6.7,21,39.5
Beijing ,2022-03-27,6:00:00 AM,0,995.7,3.9,10,54.6
Beijing ,2022-03-27,12:00:00 PM,0,997.7,3.9,20,52.2
Beijing ,2022-03-27,6:00:00 PM,0,999,3.9,19,42.1
Beijing ,2022-03-28,12:00:00 AM,0,1002,2.2,6,36.7
Beijing ,2022-03-28,12:00:00 PM,0,1005.4,-1.7,19,50.6
Beijing ,2022-03-28,6:00:00 PM,0,1004.1,3.9,15,32.5
Beijing ,2022-03-29,12:00:00 AM,0,1009.1,-0.6,16,29.8
Beijing ,2022-03-29,6:00:00 AM,0,1012.4,-3.3,8,41.9
Beijing ,2022-03-29,12:00:00 PM,0,1015.1,-3.9,11,48
Beijing ,2022-03-29,6:00:00 PM,0,1013.4,5,5,27.5
Beijing ,2022-03-30,12:00:00 AM,0,1011.1,5.6,0,24.2
Beijing ,2022-03-30,6:00:00 AM,0,1012.4,-1.1,0,58
Beijing ,2022-03-30,12:00:00 PM,1,1012.1,2.2,13,78.8
Beijing ,2022-03-30,6:00:00 PM,0,1008.4,13.3,7,34.1
Beijing ,2022-03-31,12:00:00 AM,0,1002,14.4,7,38.9
Beijing ,2022-03-31,6:00:00 AM,0,999,12.8,12,59
Beijing ,2022-03-31,12:00:00 PM,0,994.7,17.2,24,77.8
Beijing ,2022-03-31,6:00:00 PM,0,990.3,22.8,9,55
Beijing ,2022-04-01,12:00:00 AM,0,985.3,21.1,11,68.1
Beijing ,2022-04-01,6:00:00 AM,10,989.3,15,4,66.9
Beijing ,2022-04-01,12:00:00 PM,1,994,8.9,22,65.5
Beijing ,2022-04-01,6:00:00 PM,0,997.7,11.1,13,44.3
Beijing ,2022-04-02,12:00:00 AM,0,1004.1,7.8,14,45.3
Beijing ,2022-04-02,6:00:00 AM,0,1008.4,6.1,3,44.8
Beijing ,2022-04-02,12:00:00 PM,0,1010.8,3.3,4,57
Beijing ,2022-04-02,6:00:00 PM,0,1007.4,11.7,4,36.2
Beijing ,2022-04-03,12:00:00 AM,0,1003,9.4,5,49.6
Beijing ,2022-04-03,6:00:00 AM,0,1000,8.3,0,63.1
Beijing ,2022-04-03,12:00:00 PM,0,998,6.1,16,85.8
Beijing ,2022-04-03,6:00:00 PM,0,1000,12.2,10,41.2
Beijing ,2022-04-04,12:00:00 AM,0,1003.7,8.9,6,42
Beijing ,2022-04-04,6:00:00 AM,0,1006.1,3.9,0,54.6
Beijing ,2022-04-04,12:00:00 PM,0,1008.4,3.3,4,67.2
Beijing ,2022-04-04,6:00:00 PM,0,1006.7,10.6,3,38.9
Beijing ,2022-04-05,12:00:00 AM,0,1004.4,9.4,3,56.1
Beijing ,2022-04-05,6:00:00 AM,0,1005.1,8.9,0,56
Beijing ,2022-04-05,12:00:00 PM,0,1004.7,8.3,3,76.4
Beijing ,2022-04-05,6:00:00 PM,3,1003.4,10.6,5,82.8
Beijing ,2022-04-06,12:00:00 AM,3,999.7,11.1,12,92.9
Beijing ,2022-04-06,6:00:00 AM,20,993,11.7,9,93
Beijing ,2022-04-06,12:00:00 PM,3,993,10,5,96.1
Beijing ,2022-04-06,6:00:00 PM,1,997.3,13.3,5,86.5
Beijing ,2022-04-07,12:00:00 AM,0,997,14.4,10,80.5
Beijing ,2022-04-07,6:00:00 AM,0,997.3,11.1,4,92.9
Beijing ,2022-04-07,12:00:00 PM,2,995,9.4,8,92.8
Beijing ,2022-04-07,6:00:00 PM,4,991.6,10.6,6,92.3
Beijing ,2022-04-08,12:00:00 AM,4,991.6,10,12,86.2
Beijing ,2022-04-08,6:00:00 AM,0,993,8.9,4,79.8
Beijing ,2022-04-08,12:00:00 PM,0,995.3,6.1,14,85.8
Beijing ,2022-04-08,6:00:00 PM,0,993.3,15.6,20,31.8
Beijing ,2022-04-09,12:00:00 AM,0,993,11.1,4,56.6
Beijing ,2022-04-09,6:00:00 AM,3,994.3,7.2,3,82.4
Beijing ,2022-04-09,12:00:00 PM,0,995,7.2,12,82.4
Beijing ,2022-04-09,6:00:00 PM,0,994.7,11.1,7,46.2
Beijing ,2022-04-10,12:00:00 AM,0,995.7,9.4,10,47.8
Beijing ,2022-04-10,6:00:00 AM,0,999,5.6,11,62
Beijing ,2022-04-10,12:00:00 PM,0,1002,6.1,16,55.2
Beijing ,2022-04-10,6:00:00 PM,0,1003.4,9.4,4,40.6
Beijing ,2022-04-11,12:00:00 AM,0,1003.7,10,0,40.5
Beijing ,2022-04-11,6:00:00 AM,0,1007.4,0.6,0,84.5
Beijing ,2022-04-11,12:00:00 PM,0,1010.4,2.8,5,81.8
Beijing ,2022-04-11,6:00:00 PM,0,1007.7,16.1,7,39.1
Beijing ,2022-04-12,12:00:00 AM,0,1005.1,16.1,0,47.7
Beijing ,2022-04-12,6:00:00 AM,0,1004.1,12.2,0,71.5
Beijing ,2022-04-12,12:00:00 PM,0,1005.7,11.7,9,82.9
Beijing ,2022-04-12,6:00:00 PM,0,1007.1,23.3,4,44.7
Beijing ,2022-04-13,12:00:00 AM,0,1005.7,20.6,0,56.7
Beijing ,2022-04-13,6:00:00 AM,0,1005.7,12.8,3,83.1
Beijing ,2022-04-13,12:00:00 PM,0,1006.4,13.3,5,86.5
Beijing ,2022-04-13,6:00:00 PM,0,1002,28.3,11,42.6
Beijing ,2022-04-14,12:00:00 AM,0,998,27.2,16,34
Beijing ,2022-04-14,6:00:00 AM,0,997.7,23.9,11,47.9
Beijing ,2022-04-14,12:00:00 PM,0,997.7,21.1,10,61
Beijing ,2022-04-14,6:00:00 PM,0,997.3,26.7,11,43.6
Beijing ,2022-04-15,12:00:00 AM,0,1002,17.2,0,36.5
Beijing ,2022-04-15,6:00:00 AM,0,1007.4,8.3,0,55.8
Beijing ,2022-04-15,12:00:00 PM,0,1011.4,8.9,8,76.5
Beijing ,2022-04-15,6:00:00 PM,0,1009.8,20.6,11,18.9
Beijing ,2022-04-16,12:00:00 AM,0,1006.4,19.4,11,20.3
Beijing ,2022-04-16,6:00:00 AM,0,1006.1,15.6,12,34.5
Beijing ,2022-04-16,12:00:00 PM,0,1005.4,14.4,9,53.2
Beijing ,2022-04-16,6:00:00 PM,0,999.7,24.4,9,27.4
Beijing ,2022-04-17,12:00:00 AM,0,997.3,21.7,10,36.3
Beijing ,2022-04-17,6:00:00 AM,0,1002.7,13.3,13,64.3
Beijing ,2022-04-17,12:00:00 PM,0,1009.4,8.9,15,42
Beijing ,2022-04-17,6:00:00 PM,0,1011.8,11.7,7,34.9
Beijing ,2022-04-18,12:00:00 AM,0,1012.8,10.6,0,30.3
Beijing ,2022-04-18,6:00:00 AM,0,1016.1,5,6,46.2
Beijing ,2022-04-18,12:00:00 PM,0,1014.1,6.1,6,46.9
Beijing ,2022-04-18,6:00:00 PM,5,1010.4,5,9,82.1
Beijing ,2022-04-19,12:00:00 AM,4,1002,5,7,88.7
Beijing ,2022-04-19,6:00:00 AM,4,999.4,3.3,8,89.2
Beijing ,2022-04-19,12:00:00 PM,0,1001,6.1,16,59.9
Beijing ,2022-04-19,6:00:00 PM,0,1003.7,10,9,39
Beijing ,2022-04-20,12:00:00 AM,0,1008.4,7.8,4,43.3
Beijing ,2022-04-20,6:00:00 AM,0,1013.8,5.6,3,62
Beijing ,2022-04-20,12:00:00 PM,0,1018.1,6.1,4,62.1
Beijing ,2022-04-20,6:00:00 PM,0,1018.8,14.4,3,31.7
Beijing ,2022-04-21,12:00:00 AM,0,1017.8,12.2,5,39.7
Beijing ,2022-04-21,6:00:00 AM,0,1019.2,9.4,9,60.7
Beijing ,2022-04-21,12:00:00 PM,0,1019.2,9.4,13,65.6
Beijing ,2022-04-21,6:00:00 PM,0,1017.5,18.3,6,46.7
Beijing ,2022-04-22,12:00:00 AM,0,1015.8,18.3,0,46.7
Beijing ,2022-04-22,6:00:00 AM,0,1016.8,10.6,0,82.8
Beijing ,2022-04-22,12:00:00 PM,0,1019.2,12.8,8,79.8
Beijing ,2022-04-22,6:00:00 PM,0,1018.8,22.8,6,32.8
Beijing ,2022-04-23,12:00:00 AM,0,1016.5,18.9,0,35.5
Beijing ,2022-04-23,6:00:00 AM,0,1017.1,11.7,0,63.4
Beijing ,2022-04-23,12:00:00 PM,0,1016.8,12.8,8,66.4
Beijing ,2022-04-23,6:00:00 PM,0,1013.1,23.3,6,41.2
Beijing ,2022-04-24,12:00:00 AM,0,1009.4,22.8,3,47.6
Beijing ,2022-04-24,6:00:00 AM,0,1009.4,14.4,6,66.7
Beijing ,2022-04-24,12:00:00 PM,0,1010.4,13.9,5,68.9
Beijing ,2022-04-24,6:00:00 PM,0,1008.7,26.7,9,42.2
Beijing ,2022-04-25,12:00:00 AM,0,1007.1,23.9,5,53.5
Beijing ,2022-04-25,6:00:00 AM,0,1008.4,13.9,5,74.3
Beijing ,2022-04-25,12:00:00 PM,0,1009.8,12.2,5,89.9
Beijing ,2022-04-25,6:00:00 PM,0,1009.1,19.4,9,61
Beijing ,2022-04-26,12:00:00 AM,0,1007.4,19.4,4,67.8
Beijing ,2022-04-26,6:00:00 AM,0,1006.7,15,6,86.7
Beijing ,2022-04-26,12:00:00 PM,0,1007.1,15,10,86.7
Beijing ,2022-04-26,6:00:00 PM,0,1006.4,18.3,4,65.4
Beijing ,2022-04-27,12:00:00 AM,1,1005.7,15,11,86.7
Beijing ,2022-04-27,6:00:00 AM,0,1008.1,11.1,10,52.3
Beijing ,2022-04-27,12:00:00 PM,0,1008.7,8.9,19,43.6
Beijing ,2022-04-27,6:00:00 PM,0,1006.4,15,16,30.5
Beijing ,2022-04-28,12:00:00 AM,0,1006.7,12.2,10,31.1
Beijing ,2022-04-28,6:00:00 AM,0,1010.1,5.6,15,50.4
Beijing ,2022-04-28,12:00:00 PM,0,1012.4,3.3,18,52
Beijing ,2022-04-28,6:00:00 PM,0,1010.8,13.3,9,27.6
Beijing ,2022-04-29,12:00:00 AM,0,1008.7,13.3,4,22.3
Beijing ,2022-04-29,6:00:00 AM,0,1010.8,5.6,4,48.5
Beijing ,2022-04-29,12:00:00 PM,0,1013.8,6.7,10,41.1
Beijing ,2022-04-29,6:00:00 PM,0,1010.8,16.1,4,19.5
Beijing ,2022-04-30,12:00:00 AM,0,1008.1,13.3,4,27.6
Beijing ,2022-04-30,6:00:00 AM,0,1010.1,3.3,3,78.9
Beijing ,2022-04-30,12:00:00 PM,0,1012.4,7.8,0,49.1
Beijing ,2022-04-30,6:00:00 PM,0,1009.4,17.8,4,20.7
Beijing ,2022-05-01,12:00:00 AM,0,1007.7,13.9,5,48.7
Beijing ,2022-05-01,6:00:00 AM,0,1008.1,11.1,5,63.3
Beijing ,2022-05-01,12:00:00 PM,0,1008.1,12.2,8,74.5
Beijing ,2022-05-01,6:00:00 PM,4,1006.7,15,4,86.7
Beijing ,2022-05-02,12:00:00 AM,3,1005.4,15,0,80.6
Beijing ,2022-05-02,6:00:00 AM,0,1003.7,12.2,0,93
Beijing ,2022-05-02,12:00:00 PM,0,1004.7,13.9,7,83.2
Beijing ,2022-05-02,6:00:00 PM,0,1005.1,24.4,6,38.6
Beijing ,2022-05-03,12:00:00 AM,0,1004.1,22.8,0,44.2
Beijing ,2022-05-03,6:00:00 AM,0,1006.4,13.3,7,83.7
Beijing ,2022-05-03,12:00:00 PM,0,1008.1,14.4,4,90.1
Beijing ,2022-05-03,6:00:00 PM,0,1008.1,17.2,6,77.8
Beijing ,2022-05-04,12:00:00 AM,0,1003.7,19.4,7,72.8
Beijing ,2022-05-04,6:00:00 AM,20,1006.1,15,4,93.1
Beijing ,2022-05-04,12:00:00 PM,11,1003.4,14.4,0,96.8
Beijing ,2022-05-04,6:00:00 PM,0,1002.7,20,7,81.3
Beijing ,2022-05-05,12:00:00 AM,0,1003.4,22.2,4,53.1
Beijing ,2022-05-05,6:00:00 AM,0,1006.7,15.6,8,74.6
Beijing ,2022-05-05,12:00:00 PM,0,1008.7,15.6,4,66.5
Beijing ,2022-05-05,6:00:00 PM,0,1008.4,18.9,3,60.5
Beijing ,2022-05-06,12:00:00 AM,0,1006.1,16.7,5,69.5
Beijing ,2022-05-06,6:00:00 AM,0,1003.7,15.6,6,83.4
Beijing ,2022-05-06,12:00:00 PM,2,1001.7,13.9,7,93.1
Beijing ,2022-05-06,6:00:00 PM,9,996.7,15.6,10,92.6
Beijing ,2022-05-07,12:00:00 AM,2,993.3,13.9,12,89.5
Beijing ,2022-05-07,6:00:00 AM,23,989.3,10.6,9,89.2
Beijing ,2022-05-07,12:00:00 PM,6,992.3,10.6,13,92.3
Beijing ,2022-05-07,6:00:00 PM,4,995,10.6,11,89.2
Beijing ,2022-05-08,12:00:00 AM,4,1000.4,8.9,9,89.1
Beijing ,2022-05-08,6:00:00 AM,2,1003,7.8,13,86
Beijing ,2022-05-08,12:00:00 PM,0,1006.1,7.2,13,70.5
Beijing ,2022-05-08,6:00:00 PM,0,1007.7,11.7,5,54.3
Beijing ,2022-05-09,12:00:00 AM,0,1008.7,13.3,0,46.9
Beijing ,2022-05-09,6:00:00 AM,0,1009.8,3.9,9,92.5
Beijing ,2022-05-09,12:00:00 PM,0,1012.1,10,7,56.3
Beijing ,2022-05-09,6:00:00 PM,0,1012.1,18.9,5,25.8
Beijing ,2022-05-10,12:00:00 AM,0,1011.4,18.3,3,26.8
Beijing ,2022-05-10,6:00:00 AM,0,1013.4,7.8,12,70.6
Beijing ,2022-05-10,12:00:00 PM,0,1016.1,12.8,11,32.4
Beijing ,2022-05-10,6:00:00 PM,0,1014.8,22.2,8,27.9
Beijing ,2022-05-11,12:00:00 AM,0,1013.4,20,0,33.1
Beijing ,2022-05-11,6:00:00 AM,0,1014.1,8.9,4,76.5
Beijing ,2022-05-11,12:00:00 PM,0,1014.1,13.3,8,59.6
Beijing ,2022-05-11,6:00:00 PM,0,1012.4,22.8,5,38.1
Beijing ,2022-05-12,12:00:00 AM,0,1012.1,20.6,0,52.7
Beijing ,2022-05-12,6:00:00 AM,0,1012.1,12.2,9,89.9
Beijing ,2022-05-12,12:00:00 PM,0,1013.1,16.1,9,77.7
Beijing ,2022-05-12,6:00:00 PM,0,1013.1,21.7,6,68.3
Beijing ,2022-05-13,12:00:00 AM,0,1012.4,20,5,83.9
Beijing ,2022-05-13,6:00:00 AM,0,1011.4,18.3,6,87
Beijing ,2022-05-13,12:00:00 PM,4,1011.4,18.3,9,90.4
Beijing ,2022-05-13,6:00:00 PM,1,1010.8,21.7,3,78.5
Beijing ,2022-05-14,12:00:00 AM,0,1008.7,22.2,4,76.1
Beijing ,2022-05-14,6:00:00 AM,0,1007.7,20,0,89.9
Beijing ,2022-05-14,12:00:00 PM,1,1007.4,19.4,6,93.4
Beijing ,2022-05-14,6:00:00 PM,0,1004.7,22.2,4,76.1
Beijing ,2022-05-15,12:00:00 AM,0,1002.7,20.6,3,84
Beijing ,2022-05-15,6:00:00 AM,0,1002.4,17.8,4,96.9
Beijing ,2022-05-15,12:00:00 PM,0,1002.4,17.2,6,58.2
Beijing ,2022-05-15,6:00:00 PM,0,1000.7,26.7,0,73.2
Beijing ,2022-05-16,12:00:00 AM,0,998.7,21.7,5,90.5
Beijing ,2022-05-16,6:00:00 AM,0,997.7,19.4,4,90.5
Beijing ,2022-05-16,12:00:00 PM,0,995.3,19.4,5,71.4
Beijing ,2022-05-16,6:00:00 PM,5,994,24.4,13,47.1
Beijing ,2022-05-17,12:00:00 AM,5,996.3,21.1,4,74.3
Beijing ,2022-05-17,6:00:00 AM,0,1000,13.9,8,74.6
Beijing ,2022-05-17,12:00:00 PM,0,1001,15.6,12,30.2
Beijing ,2022-05-17,6:00:00 PM,0,999.4,26.7,9,33.2
Beijing ,2022-05-18,12:00:00 AM,0,1000,24.4,7,49.5
Beijing ,2022-05-18,6:00:00 AM,0,1004.1,16.7,7,49.2
Beijing ,2022-05-18,12:00:00 PM,0,1007.4,15.6,0,39.5
Beijing ,2022-05-18,6:00:00 PM,0,1005.1,22.2,5,50.4
Beijing ,2022-05-19,12:00:00 AM,0,1000.4,20,4,86.3
Beijing ,2022-05-19,6:00:00 AM,1,997.3,16.7,3,86.8
Beijing ,2022-05-19,12:00:00 PM,1,997,16.1,14,50.7
Beijing ,2022-05-19,6:00:00 PM,0,996.3,27.2,3,40.6
Beijing ,2022-05-20,12:00:00 AM,0,997,26.1,0,80.3
Beijing ,2022-05-20,6:00:00 AM,0,998,16.7,3,73.1
Beijing ,2022-05-20,12:00:00 PM,0,1001,21.1,4,58.7
Beijing ,2022-05-20,6:00:00 PM,0,1000.7,28.9,5,54.9
Beijing ,2022-05-21,12:00:00 AM,0,999.7,29.4,11,62.3
Beijing ,2022-05-21,6:00:00 AM,0,1001.4,26.7,0,71.1
Beijing ,2022-05-21,12:00:00 PM,0,1006.1,25,6,46.8
Beijing ,2022-05-21,6:00:00 PM,0,1006.7,32.2,7,53.2
Beijing ,2022-05-22,12:00:00 AM,0,1004.7,29.4,6,73.8
Beijing ,2022-05-22,6:00:00 AM,0,1005.7,25,5,78.6
Beijing ,2022-05-22,12:00:00 PM,0,1007.1,22.2,5,53.7
Beijing ,2022-05-22,6:00:00 PM,0,1005.4,31.1,5,90
Beijing ,2022-05-23,12:00:00 AM,30,1007.4,21.1,12,75.8
Beijing ,2022-05-23,6:00:00 AM,6,1009.4,20,12,67.3
Beijing ,2022-05-23,12:00:00 PM,0,1012.4,17.2,10,47.3
Beijing ,2022-05-23,6:00:00 PM,0,1012.1,21.7,10,53.7
Beijing ,2022-05-24,12:00:00 AM,0,1011.8,17.8,6,86.6
Beijing ,2022-05-24,6:00:00 AM,2,1012.1,14.4,7,93.1
Beijing ,2022-05-24,12:00:00 PM,8,1012.1,14.4,9,86.9
Beijing ,2022-05-24,6:00:00 PM,2,1012.4,17.2,7,67.2
Beijing ,2022-05-25,12:00:00 AM,0,1013.8,16.7,4,72
Beijing ,2022-05-25,6:00:00 AM,0,1014.1,15,7,77.5
Beijing ,2022-05-25,12:00:00 PM,0,1016.1,15,6,60.9
Beijing ,2022-05-25,6:00:00 PM,0,1015.8,20.6,6,50.6
Beijing ,2022-05-26,12:00:00 AM,0,1014.8,19.4,5,57.8
Beijing ,2022-05-26,6:00:00 AM,0,1014.5,16.1,7,77.6
Beijing ,2022-05-26,12:00:00 PM,0,1013.8,15.6,5,81.3
Beijing ,2022-05-26,6:00:00 PM,0,1011.4,20,7,84
Beijing ,2022-05-27,12:00:00 AM,0,1007.7,20.6,6,89.9
Beijing ,2022-05-27,6:00:00 AM,0,1005.4,20,8,86.8
Beijing ,2022-05-27,12:00:00 PM,0,1002,21.7,6,90
Beijing ,2022-05-27,6:00:00 PM,6,999.4,20.6,6,86.8
Beijing ,2022-05-28,12:00:00 AM,0,996.7,21.7,4,93.2
Beijing ,2022-05-28,6:00:00 AM,12,997.3,17.2,4,81.2
Beijing ,2022-05-28,12:00:00 PM,2,998.3,18.9,9,57.2
Beijing ,2022-05-28,6:00:00 PM,0,999.7,22.8,4,63.7
Beijing ,2022-05-29,12:00:00 AM,0,1001.4,22.2,5,55.9
Beijing ,2022-05-30,12:00:00 AM,0,1006.4,25,0,83.8
Beijing ,2022-05-30,6:00:00 AM,0,1008.1,18.9,6,78.4
Beijing ,2022-05-30,12:00:00 PM,0,1009.4,21.1,4,45.1
Beijing ,2022-05-30,6:00:00 PM,0,1008.1,31.1,5,53
Beijing ,2022-05-31,12:00:00 AM,0,1007.1,28.3,4,81.4
Beijing ,2022-05-31,6:00:00 AM,0,1007.4,21.1,0,78.7
Beijing ,2022-05-31,12:00:00 PM,0,1007.4,22.8,5,42.7
Beijing ,2022-05-31,6:00:00 PM,0,1005.7,33.3,4,49.8
Beijing ,2022-06-01,12:00:00 AM,0,1003.7,31.1,0,87.4
Beijing ,2022-06-01,6:00:00 AM,0,1003.7,22.2,0,64.6
Beijing ,2022-06-01,12:00:00 PM,0,1004.1,26.1,5,46.7
Beijing ,2022-06-01,6:00:00 PM,0,1001.7,31.7,7,58.7
Beijing ,2022-06-02,12:00:00 AM,0,998.3,28.9,0,86.8
Beijing ,2022-06-02,6:00:00 AM,0,997.7,21.7,0,73.8
Beijing ,2022-06-02,12:00:00 PM,0,998.3,25,4,48.6
Beijing ,2022-06-02,6:00:00 PM,0,995.7,32.2,5,90.2
Beijing ,2022-06-03,12:00:00 AM,6,995.7,23.9,0,96.9
Beijing ,2022-06-03,6:00:00 AM,5,996.3,19.4,8,63.1
Beijing ,2022-06-03,12:00:00 PM,0,999.4,19.4,9,43.1
Beijing ,2022-06-03,6:00:00 PM,0,1000.4,23.9,3,44.5
Beijing ,2022-06-04,12:00:00 AM,0,1000,23.9,0,90
Beijing ,2022-06-04,6:00:00 AM,0,1001.7,13.3,3,63.2
Beijing ,2022-06-04,12:00:00 PM,0,1002.4,20,6,22.4
Beijing ,2022-06-04,6:00:00 PM,0,1002.4,27.8,3,31.2
Beijing ,2022-06-05,12:00:00 AM,0,1000.7,26.7,3,67.1
Beijing ,2022-06-05,6:00:00 AM,0,1002.4,16.1,7,48.1
Beijing ,2022-06-05,12:00:00 PM,0,1005.1,17.8,5,38.6
Beijing ,2022-06-05,6:00:00 PM,0,1004.7,24.4,6,41.2
Beijing ,2022-06-06,12:00:00 AM,0,1003.4,23.3,0,86.6
Beijing ,2022-06-06,6:00:00 AM,0,1005.1,13.9,0,72.6
Beijing ,2022-06-06,12:00:00 PM,0,1006.7,18.3,9,34.9
Beijing ,2022-06-06,6:00:00 PM,0,1006.4,26.1,9,42.9
Beijing ,2022-06-07,12:00:00 AM,0,1004.4,23.3,3,96.9
Beijing ,2022-06-08,6:00:00 AM,0,1001,19.4,0,84.2
Beijing ,2022-06-08,12:00:00 PM,0,1002,22.2,5,52.8
Beijing ,2022-06-08,6:00:00 PM,0,1001,28.9,3,93.5
Beijing ,2022-06-09,12:00:00 AM,1,998,22.8,4,93.5
Beijing ,2022-06-09,6:00:00 AM,1,995,21.7,8,84.2
Beijing ,2022-06-09,12:00:00 PM,8,994.3,22.2,14,46.5
Beijing ,2022-06-09,6:00:00 PM,0,997.3,25.6,13,44.7
Beijing ,2022-06-10,12:00:00 AM,0,999.4,23.3,0,80.5
Beijing ,2022-06-10,6:00:00 AM,0,1001.4,14.4,4,67.7
Beijing ,2022-06-10,12:00:00 PM,0,1002.4,18.9,11,37.7
Beijing ,2022-06-10,6:00:00 PM,0,1001.7,26.7,3,47.9
Beijing ,2022-06-11,12:00:00 AM,0,1001,23.9,0,78.1
Beijing ,2022-06-11,6:00:00 AM,0,1002.4,18.9,4,81.1
Beijing ,2022-06-11,12:00:00 PM,2,1003.7,18.3,5,75.7
Beijing ,2022-06-11,6:00:00 PM,0,1003.7,19.4,5,72.9
Beijing ,2022-06-12,12:00:00 AM,0,1002.4,20,0,89.8
Beijing ,2022-06-12,6:00:00 AM,0,1003,17.8,0,93.3
Beijing ,2022-06-12,12:00:00 PM,0,1002.4,18.3,6,68.9
Beijing ,2022-06-12,6:00:00 PM,0,1001.7,25,7,73.9
Beijing ,2022-06-13,12:00:00 AM,0,1001,25.6,3,87.5
Beijing ,2022-06-13,6:00:00 AM,0,1002.4,23.3,0,87.5
Beijing ,2022-06-13,12:00:00 PM,0,1003.4,23.3,4,50.4
Beijing ,2022-06-13,6:00:00 PM,0,1002.7,32.2,11,67
Beijing ,2022-06-14,12:00:00 AM,0,1001.4,27.8,0,96.4
Beijing ,2022-06-14,6:00:00 AM,6,1001,22.8,7,87.6
Beijing ,2022-06-14,12:00:00 PM,0,1001,25,11,69.1
Beijing ,2022-06-14,6:00:00 PM,0,1002.7,26.1,8,69.3
Beijing ,2022-06-15,12:00:00 AM,0,1002.4,27.2,3,93.4
Beijing ,2022-06-15,6:00:00 AM,0,1004.7,19.4,3,81.8
Beijing ,2022-06-15,12:00:00 PM,0,1006.7,23.9,4,53.1
Beijing ,2022-06-15,6:00:00 PM,0,1007.4,30,7,63.1
Beijing ,2022-06-16,12:00:00 AM,0,1006.4,28.3,7,66.4
Beijing ,2022-06-16,6:00:00 AM,0,1008.1,25,5,63.9
Beijing ,2022-06-16,12:00:00 PM,0,1008.7,23.3,11,61.2
Beijing ,2022-06-16,6:00:00 PM,0,1006.4,30,7,87.7
Beijing ,2022-06-17,12:00:00 AM,8,1003.4,26.1,3,87.4
Beijing ,2022-06-17,6:00:00 AM,0,1001.7,22.2,5,81.9
Beijing ,2022-06-17,12:00:00 PM,0,999.7,25,14,36.2
Beijing ,2022-06-17,6:00:00 PM,0,996.7,35,11,37.3
Beijing ,2022-06-18,12:00:00 AM,0,994.7,30.6,3,53
Beijing ,2022-06-18,6:00:00 AM,0,997,21.7,15,50.9
Beijing ,2022-06-18,12:00:00 PM,0,998.3,21.7,15,45.9
Beijing ,2022-06-18,6:00:00 PM,0,1001,22.2,11,29.2
Beijing ,2022-06-19,12:00:00 AM,0,1001.7,23.3,9,44
Beijing ,2022-06-19,6:00:00 AM,0,1006.4,16.7,14,51.5
Beijing ,2022-06-19,12:00:00 PM,0,1008.7,16.1,14,25.2
Beijing ,2022-06-19,6:00:00 PM,0,1007.4,23.9,7,28.2
Beijing ,2022-06-20,12:00:00 AM,0,1006.7,23.3,0,71.3
Beijing ,2022-06-20,6:00:00 AM,0,1010.1,11.1,0,66.5
Beijing ,2022-06-20,12:00:00 PM,0,1012.8,15.6,11,22.9
Beijing ,2022-06-20,6:00:00 PM,0,1011.4,26.1,3,44.5
Beijing ,2022-06-21,12:00:00 AM,0,1009.8,23.9,0,65.1
Beijing ,2022-06-21,6:00:00 AM,0,1010.1,18.9,0,70.2
Beijing ,2022-06-21,12:00:00 PM,0,1011.1,20,7,41
Beijing ,2022-06-21,6:00:00 PM,0,1009.4,27.2,8,52.4
Beijing ,2022-06-22,12:00:00 AM,0,1006.4,26.1,5,75.4
Beijing ,2022-06-22,6:00:00 AM,0,1005.1,20.6,3,76.1
Beijing ,2022-06-22,12:00:00 PM,0,1003.4,22.2,4,84.5
Beijing ,2022-06-22,6:00:00 PM,4,1001.7,25,6,87.5
Beijing ,2022-06-23,12:00:00 AM,13,1000.4,23.3,7,93.4
Beijing ,2022-06-23,6:00:00 AM,10,1000.4,21.1,0,93.4
Beijing ,2022-06-23,12:00:00 PM,1,1001.4,19.4,5,84
Beijing ,2022-06-23,6:00:00 PM,1,1003.4,20.6,6,81.4
Beijing ,2022-06-24,12:00:00 AM,0,1003,21.1,0,96.9
Beijing ,2022-06-24,6:00:00 AM,0,1004.7,17.2,0,87.2
Beijing ,2022-06-24,12:00:00 PM,0,1006.4,20,5,66.5
Beijing ,2022-06-24,6:00:00 PM,0,1006.7,25.6,5,66.5
Beijing ,2022-06-25,12:00:00 AM,0,1006.7,25.6,3,89.9
Beijing ,2022-06-25,6:00:00 AM,0,1008.4,20,3,84.1
Beijing ,2022-06-25,12:00:00 PM,0,1009.4,21.7,4,53.2
Beijing ,2022-06-25,6:00:00 PM,0,1009.1,30.6,7,60.8
Beijing ,2022-06-26,12:00:00 AM,0,1007.7,28.3,7,78.7
Beijing ,2022-06-26,6:00:00 AM,0,1009.1,22.8,8,75.8
Beijing ,2022-06-26,12:00:00 PM,0,1008.7,22.8,12,51.7
Beijing ,2022-06-26,6:00:00 PM,0,1006.4,31.1,5,76.5
Beijing ,2022-06-27,12:00:00 AM,0,1005.4,24.4,7,87.4
Beijing ,2022-06-27,6:00:00 AM,0,1004.4,22.8,5,90.1
Beijing ,2022-06-27,12:00:00 PM,0,1004.1,22.8,9,81.7
Beijing ,2022-06-27,6:00:00 PM,1,1005.1,23.3,4,64.1
Beijing ,2022-06-28,12:00:00 AM,0,1005.4,25.6,6,60.8
Beijing ,2022-06-28,6:00:00 AM,0,1008.4,18.3,6,61
Beijing ,2022-06-28,12:00:00 PM,0,1011.8,19.4,6,37.4
Beijing ,2022-06-28,6:00:00 PM,0,1011.8,25.6,4,46.3
Beijing ,2022-06-29,12:00:00 AM,0,1011.1,23.9,0,86.2
Beijing ,2022-06-29,6:00:00 AM,0,1012.4,15.6,6,70.2
Beijing ,2022-06-29,12:00:00 PM,0,1013.1,20,11,47.7
Beijing ,2022-06-29,6:00:00 PM,0,1011.8,28.9,4,51
Beijing ,2022-06-30,12:00:00 AM,0,1010.4,28.3,4,78.5
Beijing ,2022-06-30,6:00:00 AM,0,1011.8,21.7,4,71
Beijing ,2022-06-30,12:00:00 PM,0,1012.8,22.2,4,31.4
Beijing ,2022-06-30,6:00:00 PM,0,1011.1,31.1,7,47.7
Beijing ,2022-07-01,12:00:00 AM,0,1009.1,28.9,4,78.8
Beijing ,2022-07-01,6:00:00 AM,0,1009.1,23.9,6,79.4
Beijing ,2022-07-01,12:00:00 PM,0,1008.1,24.4,6,55.4
Beijing ,2022-07-01,6:00:00 PM,0,1006.1,31.1,0,90.3
Beijing ,2022-07-02,12:00:00 AM,2,1004.7,25.6,8,81.9
Beijing ,2022-07-02,6:00:00 AM,0,1003,25,4,81.8
Beijing ,2022-07-02,12:00:00 PM,0,1003.7,23.9,5,48.8
Beijing ,2022-07-02,6:00:00 PM,0,1003,32.8,5,63.2
Beijing ,2022-07-03,12:00:00 AM,0,1002.4,30.6,0,84.4
Beijing ,2022-07-03,6:00:00 AM,0,1003.7,23.9,5,76.3
Beijing ,2022-07-03,12:00:00 PM,0,1006.1,23.3,7,41.2
Beijing ,2022-07-03,6:00:00 PM,0,1006.7,28.9,6,38.7
Beijing ,2022-07-04,12:00:00 AM,0,1006.4,29.4,4,83.9
Beijing ,2022-07-04,6:00:00 AM,0,1009.1,20,5,53.2
Beijing ,2022-07-04,12:00:00 PM,0,1011.1,22.8,3,32.4
Beijing ,2022-07-04,6:00:00 PM,0,1010.8,30,3,40.9
Beijing ,2022-07-05,12:00:00 AM,0,1009.1,27.8,3,70.8
Beijing ,2022-07-05,6:00:00 AM,0,1008.7,21.1,8,78.7
Beijing ,2022-07-05,12:00:00 PM,0,1007.7,22.8,6,90.4
Beijing ,2022-07-05,6:00:00 PM,5,1003,26.1,5,69.7
Beijing ,2022-07-06,12:00:00 AM,0,1000.7,28.9,0,87.5
Beijing ,2022-07-06,6:00:00 AM,0,1001,23.9,4,69.1
Beijing ,2022-07-06,12:00:00 PM,0,1002,26.1,5,50.4
Beijing ,2022-07-06,6:00:00 PM,0,1002,32.2,5,60.9
Beijing ,2022-07-07,12:00:00 AM,0,1000.4,30.6,6,87.6
Beijing ,2022-07-07,6:00:00 AM,0,1001,24.4,7,84.2
Beijing ,2022-07-07,12:00:00 PM,1,1003.4,22.8,7,71.7
Beijing ,2022-07-07,6:00:00 PM,0,1004.1,26.1,4,76.2
Beijing ,2022-07-08,12:00:00 AM,0,1003.4,25.6,0,93.5
Beijing ,2022-07-08,6:00:00 AM,0,1005.1,21.7,4,90.1
Beijing ,2022-07-08,12:00:00 PM,0,1006.1,22.8,5,67.5
Beijing ,2022-07-08,6:00:00 PM,0,1005.1,28.3,4,71.6
Beijing ,2022-07-09,12:00:00 AM,0,1004.1,27.8,6,93.5
Beijing ,2022-07-09,6:00:00 AM,46,1004.1,22.2,5,90.1
Beijing ,2022-07-09,12:00:00 PM,13,1004.4,21.7,11,93.5
Beijing ,2022-07-09,6:00:00 PM,3,1006.1,21.7,5,84.1
Beijing ,2022-07-10,12:00:00 AM,1,1006.1,21.7,0,93.4
Beijing ,2022-07-10,6:00:00 AM,0,1006.4,20,7,81.4
Beijing ,2022-07-10,12:00:00 PM,0,1006.7,21.1,4,58
Beijing ,2022-07-10,6:00:00 PM,0,1006.7,26.1,5,57.7
Beijing ,2022-07-11,12:00:00 AM,0,1005.1,25,0,93.3
Beijing ,2022-07-11,6:00:00 AM,0,1005.1,17.8,0,83.9
Beijing ,2022-07-11,12:00:00 PM,0,1005.4,20,6,40.9
Beijing ,2022-07-11,6:00:00 PM,0,1003.7,27.8,6,48.5
Beijing ,2022-07-12,12:00:00 AM,0,1001,26.1,6,75.8
Beijing ,2022-07-12,6:00:00 AM,0,1000.7,20,7,73.1
Beijing ,2022-07-12,12:00:00 PM,0,999.4,21.1,14,55.2
Beijing ,2022-07-12,6:00:00 PM,0,997.7,30.6,6,90.1
Beijing ,2022-07-13,12:00:00 AM,12,999.4,21.7,0,96.4
Beijing ,2022-07-13,6:00:00 AM,1,1000.4,20.6,3,93.5
Beijing ,2022-07-13,12:00:00 PM,0,1002.7,22.2,4,51.3
Beijing ,2022-07-13,6:00:00 PM,0,1002.4,30.6,3,48
Beijing ,2022-07-14,12:00:00 AM,0,1001.4,30,0,92.8
Beijing ,2022-07-14,6:00:00 AM,11,1002.7,20.6,0,66.1
Beijing ,2022-07-14,12:00:00 PM,0,1005.1,23.9,3,48
Beijing ,2022-07-14,6:00:00 PM,0,1006.4,30,0,60.3
Beijing ,2022-07-15,12:00:00 AM,0,1005.7,27.8,0,92.8
Beijing ,2022-07-15,6:00:00 AM,0,1008.1,20.6,5,64.1
Beijing ,2022-07-15,12:00:00 PM,0,1009.1,23.9,4,36.1
Beijing ,2022-07-15,6:00:00 PM,0,1008.7,30.6,0,46.1
Beijing ,2022-07-16,12:00:00 AM,0,1007.4,28.3,3,90
Beijing ,2022-07-16,6:00:00 AM,0,1008.4,21.1,4,84.2
Beijing ,2022-07-16,12:00:00 PM,0,1008.4,22.8,3,68.6
Beijing ,2022-07-16,6:00:00 PM,1,1007.1,25.6,10,73.8
Beijing ,2022-07-17,12:00:00 AM,0,1005.4,25,0,93.5
Beijing ,2022-07-17,6:00:00 AM,4,1006.1,22.2,3,93.5
Beijing ,2022-07-17,12:00:00 PM,1,1005.4,22.2,4,69.7
Beijing ,2022-07-17,6:00:00 PM,0,1005.4,28.9,0,84.7
Beijing ,2022-07-18,12:00:00 AM,1,1004.1,27.2,4,93.5
Beijing ,2022-07-18,6:00:00 AM,0,1004.1,22.8,6,90.2
Beijing ,2022-07-18,12:00:00 PM,0,1003,23.9,7,63.3
Beijing ,2022-07-18,6:00:00 PM,0,1000.4,31.1,5,81.7
Beijing ,2022-07-19,12:00:00 AM,4,999,26.7,0,84.4
Beijing ,2022-07-19,6:00:00 AM,0,1000.4,23.9,9,79.4
Beijing ,2022-07-19,12:00:00 PM,0,1001.4,24.4,10,51.3
Beijing ,2022-07-19,6:00:00 PM,0,1001,30.6,7,65.2
Beijing ,2022-07-20,12:00:00 AM,0,999.4,28.9,0,93.5
Beijing ,2022-07-20,6:00:00 AM,0,1000.4,22.2,0,84.9
Beijing ,2022-07-20,12:00:00 PM,0,1000.4,24.4,8,50.3
Beijing ,2022-07-20,6:00:00 PM,0,998.3,32.8,7,57
Beijing ,2022-07-21,12:00:00 AM,0,996,30.6,6,76.8
Beijing ,2022-07-21,6:00:00 AM,0,995,26.1,4,82.1
Beijing ,2022-07-21,12:00:00 PM,0,995.3,26.1,6,55.6
Beijing ,2022-07-21,6:00:00 PM,0,996.3,32.2,5,69.9
Beijing ,2022-07-22,12:00:00 AM,3,996.7,30,0,93.5
Beijing ,2022-07-22,6:00:00 AM,0,999.7,22.2,0,76.2
Beijing ,2022-07-22,12:00:00 PM,0,1002.7,25.6,10,47
Beijing ,2022-07-22,6:00:00 PM,0,1003,32.8,7,55.2
Beijing ,2022-07-23,12:00:00 AM,0,1003,30.6,3,87.5
Beijing ,2022-07-23,6:00:00 AM,0,1005.1,23.3,0,73.9
Beijing ,2022-07-23,12:00:00 PM,0,1006.7,25.6,9,37.1
Beijing ,2022-07-23,6:00:00 PM,0,1007.1,33.9,24,58.4
Beijing ,2022-07-24,12:00:00 AM,0,1008.4,27.8,4,92.8
Beijing ,2022-07-24,6:00:00 AM,2,1006.7,20.6,6,81.7
Beijing ,2022-07-24,12:00:00 PM,0,1007.4,23.3,6,42.6
Beijing ,2022-07-24,6:00:00 PM,0,1005.7,33.9,3,57.4
Beijing ,2022-07-25,12:00:00 AM,0,1003.7,31.1,9,74.1
Beijing ,2022-07-25,6:00:00 AM,0,1002.7,26.7,9,76.8
Beijing ,2022-07-25,12:00:00 PM,0,1002.7,26.1,7,63.4
Beijing ,2022-07-25,6:00:00 PM,0,1002.7,31.7,7,87.6
Beijing ,2022-07-26,12:00:00 AM,12,1003,25,3,96.4
Beijing ,2022-07-26,6:00:00 AM,0,1004.4,22.8,8,70.9
Beijing ,2022-07-26,12:00:00 PM,0,1006.1,23.9,3,66.4
Beijing ,2022-07-26,6:00:00 PM,0,1006.4,25,4,71.4
Beijing ,2022-07-27,12:00:00 AM,0,1005.4,24.4,0,90.1
Beijing ,2022-07-27,6:00:00 AM,0,1004.4,21.7,0,78.8
Beijing ,2022-07-27,12:00:00 PM,0,1004.1,23.9,7,59.2
Beijing ,2022-07-27,6:00:00 PM,0,1003,31.1,5,77.1
Beijing ,2022-07-28,12:00:00 AM,0,1001.4,28.3,7,90.2
Beijing ,2022-07-28,6:00:00 AM,0,1001,23.9,3,87.6
Beijing ,2022-07-28,12:00:00 PM,0,1001.7,25,10,53.5
Beijing ,2022-07-28,6:00:00 PM,0,1000.7,31.7,7,90.2
Beijing ,2022-07-29,12:00:00 AM,6,1001,23.9,0,93.5
Beijing ,2022-07-29,6:00:00 AM,0,1002,20.6,0,84.7
Beijing ,2022-07-29,12:00:00 PM,0,1002.7,22.8,5,87.5
Beijing ,2022-07-29,6:00:00 PM,1,1003,26.7,3,90.1
Beijing ,2022-07-30,12:00:00 AM,0,1002.7,23.9,4,76.3
Beijing ,2022-07-30,6:00:00 AM,0,1004.7,21.7,8,46.1
Beijing ,2022-07-30,12:00:00 PM,0,1008.4,23.3,8,60.3
Beijing ,2022-07-30,6:00:00 PM,0,1009.4,28.3,3,84
Beijing ,2022-07-31,12:00:00 AM,0,1009.4,26.1,3,86.8
Beijing ,2022-07-31,6:00:00 AM,0,1011.1,21.1,0,57.9
Beijing ,2022-07-31,12:00:00 PM,0,1010.8,21.7,4,93.5
Beijing ,2022-07-31,6:00:00 PM,0,1010.1,25.6,0,93.5
Beijing ,2022-08-01,12:00:00 AM,3,1007.7,21.7,0,81.6
Beijing ,2022-08-01,6:00:00 AM,1,1005.4,21.7,6,56.5
Beijing ,2022-08-01,12:00:00 PM,0,1005.1,22.2,6,67
Beijing ,2022-08-01,6:00:00 PM,0,1004.1,28.9,4,96.4
Beijing ,2022-08-02,12:00:00 AM,0,1001,27.8,0,84.9
Beijing ,2022-08-02,6:00:00 AM,1,1000,21.7,3,48.2
Beijing ,2022-08-02,12:00:00 PM,1,1001.4,24.4,10,51.3
Beijing ,2022-08-02,6:00:00 PM,0,1001,31.7,7,73.6
Beijing ,2022-08-03,12:00:00 AM,0,1001.4,29.4,6,68.6
Beijing ,2022-08-03,6:00:00 AM,0,1004.1,23.9,5,47.9
Beijing ,2022-08-03,12:00:00 PM,0,1006.1,25.6,3,58.7
Beijing ,2022-08-03,6:00:00 PM,0,1005.7,30.6,6,81.7
Beijing ,2022-08-04,12:00:00 AM,0,1003.7,28.9,3,76.8
Beijing ,2022-08-04,6:00:00 AM,0,1006.1,23.3,0,43.1
Beijing ,2022-08-04,12:00:00 PM,0,1007.1,26.1,5,64.8
Beijing ,2022-08-04,6:00:00 PM,0,1006.4,35,6,97
Beijing ,2022-08-05,12:00:00 AM,0,1007.4,27.2,5,93.5
Beijing ,2022-08-05,6:00:00 AM,19,1009.1,22.2,3,55.5
Beijing ,2022-08-05,12:00:00 PM,0,1010.1,22.8,0,81.9
Beijing ,2022-08-05,6:00:00 PM,0,1010.1,31.7,7,93.5
Beijing ,2022-08-06,12:00:00 AM,0,1010.8,25,3,93.5
Beijing ,2022-08-06,6:00:00 AM,0,1011.1,22.2,6,63.2
Beijing ,2022-08-06,12:00:00 PM,0,1013.1,22.2,8,74.4
Beijing ,2022-08-06,6:00:00 PM,0,1012.1,30.6,7,81.8
Beijing ,2022-08-07,12:00:00 AM,0,1010.8,28.3,6,87.5
Beijing ,2022-08-07,6:00:00 AM,0,1011.8,23.9,6,59.5
Beijing ,2022-08-07,12:00:00 PM,0,1012.1,23.3,9,65.3
Beijing ,2022-08-07,6:00:00 PM,0,1010.4,32.2,7,79.1
Beijing ,2022-08-08,12:00:00 AM,0,1008.4,29.4,6,87.1
Beijing ,2022-08-08,6:00:00 AM,0,1007.7,25.6,5,55.8
Beijing ,2022-08-08,12:00:00 PM,0,1007.7,25.6,7,72.1
Beijing ,2022-08-08,6:00:00 PM,0,1005.7,32.8,4,81.5
Beijing ,2022-08-09,12:00:00 AM,0,1003.7,28.3,3,84.5
Beijing ,2022-08-09,6:00:00 AM,0,1004.4,25.6,7,49.2
Beijing ,2022-08-09,12:00:00 PM,0,1005.1,25.6,3,57
Beijing ,2022-08-09,6:00:00 PM,0,1004.4,34.4,24,87.6
Beijing ,2022-08-10,12:00:00 AM,0,1004.1,29.4,5,84.5
Beijing ,2022-08-10,6:00:00 AM,2,1005.7,24.4,4,54.2
Beijing ,2022-08-10,12:00:00 PM,0,1007.4,25.6,3,93.5
Beijing ,2022-08-10,6:00:00 PM,0,1006.1,33.3,4,96.4
Beijing ,2022-08-11,12:00:00 AM,23,1005.4,22.8,0,87.4
Beijing ,2022-08-11,6:00:00 AM,1,1004.1,21.7,7,41.2
Beijing ,2022-08-11,12:00:00 PM,0,1004.7,22.2,8,56.5
Beijing ,2022-08-11,6:00:00 PM,0,1003.7,28.9,3,68.5
Beijing ,2022-08-12,12:00:00 AM,0,1002.7,27.2,6,57.1
Beijing ,2022-08-12,6:00:00 AM,0,1004.1,22.8,10,38
Beijing ,2022-08-12,12:00:00 PM,0,1006.1,22.2,7,43.4
Beijing ,2022-08-12,6:00:00 PM,0,1006.4,27.8,6,77.8
Beijing ,2022-08-13,12:00:00 AM,0,1006.4,25,3,58.5
Beijing ,2022-08-13,6:00:00 AM,0,1007.7,17.2,5,44.7
Beijing ,2022-08-13,12:00:00 PM,0,1010.4,18.9,72,80.5
Beijing ,2022-08-13,6:00:00 PM,0,1009.1,,3,72.9
Beijing ,2022-08-14,12:00:00 AM,0,1007.4,23.3,0,43.9
Beijing ,2022-08-14,6:00:00 AM,0,1007.4,17.8,5,84
Beijing ,2022-08-14,12:00:00 PM,0,1006.7,20,9,90.5
Beijing ,2022-08-14,6:00:00 PM,0,1005.7,27.8,4,93.4
Beijing ,2022-08-15,12:00:00 AM,1,1005.1,20.6,6,76.1
Beijing ,2022-08-15,6:00:00 AM,4,1004.7,19.4,0,81.2
Beijing ,2022-08-15,12:00:00 PM,0,1004.1,19.4,7,84.4
Beijing ,2022-08-15,6:00:00 PM,0,1004.4,22.2,5,84
Beijing ,2022-08-16,12:00:00 AM,0,1003.7,19.4,6,45.2
Beijing ,2022-08-16,6:00:00 AM,0,1004.4,19.4,3,49.7
Beijing ,2022-08-16,12:00:00 PM,0,1004.7,20.6,6,87
Beijing ,2022-08-16,6:00:00 PM,0,1004.7,26.1,5,46.8
Beijing ,2022-08-17,12:00:00 AM,0,1004.4,23.3,3,61.4
Beijing ,2022-08-17,12:00:00 PM,0,1006.1,17.8,3,92.6
Beijing ,2022-08-17,6:00:00 PM,0,1005.1,26.7,9,78.1
Beijing ,2022-08-18,12:00:00 AM,1,1004.4,22.8,0,42.6
Beijing ,2022-08-18,6:00:00 AM,0,1004.1,15.6,3,51.9
Beijing ,2022-08-18,12:00:00 PM,0,1004.7,18.9,7,90.4
Beijing ,2022-08-18,6:00:00 PM,0,1004.1,28.3,0,81.4
Beijing ,2022-08-19,12:00:00 AM,0,1003.7,25.6,3,48.3
Beijing ,2022-08-19,6:00:00 AM,0,1005.7,18.3,0,84.8
Beijing ,2022-08-19,12:00:00 PM,0,1007.4,21.1,10,90.1
Beijing ,2022-08-19,6:00:00 PM,0,1007.1,31.1,5,90
Beijing ,2022-08-20,12:00:00 AM,1,1007.1,23.3,4,46.2
Beijing ,2022-08-20,6:00:00 AM,0,1009.1,21.7,0,60.5
Beijing ,2022-08-20,12:00:00 PM,0,1010.1,21.1,4,90.7
Beijing ,2022-08-20,6:00:00 PM,0,1009.4,30,7,90.1
Beijing ,2022-08-21,12:00:00 AM,0,1008.4,27.2,6,90.2
Beijing ,2022-08-21,6:00:00 AM,0,1008.4,22.2,6,84.8
Beijing ,2022-08-21,12:00:00 PM,0,1008.4,22.8,7,96.4
Beijing ,2022-08-21,6:00:00 PM,1,1007.4,23.9,0,96.4
Beijing ,2022-08-22,12:00:00 AM,0,1005.1,23.3,0,67.5
Beijing ,2022-08-22,6:00:00 AM,0,1003,21.7,4,71.4
Beijing ,2022-08-22,12:00:00 PM,0,1002,22.8,9,84
Beijing ,2022-08-22,6:00:00 PM,0,1000.4,28.3,4,75.8
Beijing ,2022-08-23,12:00:00 AM,0,999.4,26.7,3,45.9
Beijing ,2022-08-23,6:00:00 AM,0,1000.4,20.6,7,45.5
Beijing ,2022-08-23,12:00:00 PM,0,1001,22.8,6,83.7
Beijing ,2022-08-23,6:00:00 PM,0,1001.4,28.9,3,70.5
Beijing ,2022-08-24,12:00:00 AM,0,1001.7,27.2,0,39.2
Beijing ,2022-08-24,6:00:00 AM,0,1004.1,17.8,3,44.3
Beijing ,2022-08-24,12:00:00 PM,0,1005.7,21.7,8,83.9
Beijing ,2022-08-24,6:00:00 PM,0,1005.7,31.1,4,78.7
Beijing ,2022-08-25,12:00:00 AM,0,1004.7,28.3,3,45.1
Beijing ,2022-08-25,6:00:00 AM,0,1007.1,20,0,67
Beijing ,2022-08-25,12:00:00 PM,0,1007.4,22.8,3,87.5
Beijing ,2022-08-25,6:00:00 PM,0,1006.4,31.1,5,93.5
Beijing ,2022-08-26,12:00:00 AM,0,1005.1,27.8,6,39.5
Beijing ,2022-08-26,6:00:00 AM,0,1005.1,23.9,4,56.3
Beijing ,2022-08-26,12:00:00 PM,0,1004.4,22.8,8,78.7
Beijing ,2022-08-26,6:00:00 PM,0,1003,32.2,3,78.7
Beijing ,2022-08-27,12:00:00 AM,0,1002,27.8,3,45.4
Beijing ,2022-08-27,6:00:00 AM,0,1004.1,23.3,5,54.7
Beijing ,2022-08-27,12:00:00 PM,0,1005.4,23.3,6,84.2
Beijing ,2022-08-27,6:00:00 PM,0,1005.1,32.2,6,75.9
Beijing ,2022-08-28,12:00:00 AM,0,1004.4,28.3,0,50.4
Beijing ,2022-08-28,6:00:00 AM,0,1006.4,22.8,3,60.8
Beijing ,2022-08-28,12:00:00 PM,0,1008.4,23.9,7,90.2
Beijing ,2022-08-28,6:00:00 PM,0,1008.1,32.2,4,90.8
Beijing ,2022-08-29,12:00:00 AM,1,1006.4,28.3,3,53.5
Beijing ,2022-08-29,6:00:00 AM,0,1008.4,23.9,3,60.8
Beijing ,2022-08-29,12:00:00 PM,0,1009.1,24.4,5,87.5
Beijing ,2022-08-29,6:00:00 PM,0,1007.7,31.7,5,87.5
Beijing ,2022-08-30,12:00:00 AM,0,1005.4,28.3,4,45.7
Beijing ,2022-08-30,6:00:00 AM,0,1004.7,23.9,5,93.5
Beijing ,2022-08-30,12:00:00 PM,0,1003,23.9,11,96.3
Beijing ,2022-08-30,6:00:00 PM,0,998.7,33.3,3,73.2
Beijing ,2022-08-31,12:00:00 AM,4,999,23.3,0,39.7
Beijing ,2022-08-31,6:00:00 AM,0,1000.7,18.9,5,45
Beijing ,2022-08-31,12:00:00 PM,0,1002.4,21.7,14,77.8
Beijing ,2022-08-31,6:00:00 PM,0,1002,28.3,7,84.3
Beijing ,2022-09-01,12:00:00 AM,0,1001.7,25.6,0,30.4
Beijing ,2022-09-01,6:00:00 AM,0,1004.1,17.2,0,48.5
Beijing ,2022-09-01,12:00:00 PM,0,1005.7,18.3,6,87
Beijing ,2022-09-01,6:00:00 PM,0,1005.7,31.1,3,65.4
Beijing ,2022-09-02,12:00:00 AM,0,1005.1,26.1,0,42.8
Beijing ,2022-09-02,6:00:00 AM,0,1007.7,17.8,6,56.2
Beijing ,2022-09-02,12:00:00 PM,0,1011.4,20.6,3,84.1
Beijing ,2022-09-02,6:00:00 PM,0,1011.4,28.9,6,86.8
Beijing ,2022-09-03,12:00:00 AM,0,1011.1,26.1,0,56.5
Beijing ,2022-09-03,6:00:00 AM,0,1012.8,21.7,5,64.6
Beijing ,2022-09-03,12:00:00 PM,0,1013.4,21.7,9,81
Beijing ,2022-09-03,6:00:00 PM,0,1012.1,28.9,5,84.2
Beijing ,2022-09-04,12:00:00 AM,0,1009.4,26.1,5,51.3
Beijing ,2022-09-04,6:00:00 AM,0,1010.4,21.7,3,60.3
Beijing ,2022-09-04,12:00:00 PM,0,1010.1,22.2,7,66.1
Beijing ,2022-09-04,6:00:00 PM,0,1008.1,30.6,5,78.7
Beijing ,2022-09-05,12:00:00 AM,0,1006.4,27.8,8,60.9
Beijing ,2022-09-05,6:00:00 AM,0,1007.1,23.9,6,79
Beijing ,2022-09-05,12:00:00 PM,0,1007.7,22.8,8,93.5
Beijing ,2022-09-05,6:00:00 PM,0,1006.4,28.9,0,93.5
Beijing ,2022-09-06,12:00:00 AM,1,1005.1,25,0,54.9
Beijing ,2022-09-06,6:00:00 AM,3,1004.4,22.8,8,66.7
Beijing ,2022-09-06,12:00:00 PM,29,1002.4,22.2,9,90.7
Beijing ,2022-09-06,6:00:00 PM,0,1002.7,29.4,6,90.1
Beijing ,2022-09-07,12:00:00 AM,0,1003,26.7,4,84.2
Beijing ,2022-09-07,6:00:00 AM,0,1003.7,22.2,4,86.8
Beijing ,2022-09-07,12:00:00 PM,4,1004.1,21.7,7,86.7
Beijing ,2022-09-07,6:00:00 PM,7,1003,22.8,7,86.7
Beijing ,2022-09-08,12:00:00 AM,4,1002.7,21.7,4,66.1
Beijing ,2022-09-08,6:00:00 AM,0,1003,20.6,5,68.4
Beijing ,2022-09-08,12:00:00 PM,0,1003,20.6,8,93.2
Beijing ,2022-09-08,6:00:00 PM,0,1002.7,23.9,4,89.9
Beijing ,2022-09-09,12:00:00 AM,0,1001.4,22.2,0,49.1
Beijing ,2022-09-09,6:00:00 AM,0,1003.4,17.2,5,55
Beijing ,2022-09-09,12:00:00 PM,0,1006.1,18.9,6,84.3
Beijing ,2022-09-09,6:00:00 PM,0,1006.7,27.2,5,93.2
Beijing ,2022-09-10,12:00:00 AM,0,1007.4,22.8,0,62.2
Beijing ,2022-09-10,6:00:00 AM,0,1010.8,18.3,0,70.9
Beijing ,2022-09-10,12:00:00 PM,0,1012.4,17.2,5,86.8
Beijing ,2022-09-10,6:00:00 PM,0,1012.4,26.1,5,93.5
Beijing ,2022-09-11,12:00:00 AM,0,1010.8,23.9,0,82.1
Beijing ,2022-09-11,6:00:00 AM,1,1010.8,21.7,5,87.6
Beijing ,2022-09-11,12:00:00 PM,13,1008.4,21.7,6,96.4
Beijing ,2022-09-11,6:00:00 PM,2,1006.1,26.1,3,65
Beijing ,2022-09-12,12:00:00 AM,0,1003,24.4,5,93.5
Beijing ,2022-09-12,6:00:00 AM,0,1001.7,22.8,3,93.4
Beijing ,2022-09-12,12:00:00 PM,0,1000.4,22.2,3,84
Beijing ,2022-09-12,6:00:00 PM,0,998.7,28.3,0,40.6
Beijing ,2022-09-13,12:00:00 AM,7,997.3,22.2,0,57.1
Beijing ,2022-09-13,6:00:00 AM,0,998,21.1,4,67.5
Beijing ,2022-09-13,12:00:00 PM,0,999.4,20.6,9,69.5
Beijing ,2022-09-13,6:00:00 PM,0,999,26.1,5,47
Beijing ,2022-09-14,12:00:00 AM,0,1000,22.2,6,61.3
Beijing ,2022-09-14,6:00:00 AM,0,1003.4,17.8,5,75.1
Beijing ,2022-09-14,12:00:00 PM,0,1006.1,16.7,9,72.8
Beijing ,2022-09-14,6:00:00 PM,0,1007.1,26.1,4,46.8
Beijing ,2022-09-15,12:00:00 AM,0,1006.7,22.2,6,56.8
Beijing ,2022-09-15,6:00:00 AM,0,1009.1,18.9,6,90
Beijing ,2022-09-15,12:00:00 PM,0,1011.4,19.4,10,93
Beijing ,2022-09-15,6:00:00 PM,0,1010.8,26.7,6,43.6
Beijing ,2022-09-16,12:00:00 AM,0,1010.4,21.1,0,68.1
Beijing ,2022-09-16,6:00:00 AM,0,1012.1,13.3,0,93.1
Beijing ,2022-09-16,12:00:00 PM,0,1012.8,13.3,7,96.2
Beijing ,2022-09-16,6:00:00 PM,0,1011.8,26.7,0,44
Beijing ,2022-09-17,12:00:00 AM,0,1010.4,21.1,0,63.2
Beijing ,2022-09-17,6:00:00 AM,0,1011.8,15,0,89.7
Beijing ,2022-09-17,12:00:00 PM,0,1013.1,15,7,93.2
Beijing ,2022-09-17,6:00:00 PM,0,1012.4,27.2,4,50.9
Beijing ,2022-09-18,12:00:00 AM,0,1010.8,21.7,4,66.4
Beijing ,2022-09-18,6:00:00 AM,0,1010.1,16.7,5,90.4
Beijing ,2022-09-18,12:00:00 PM,0,1009.4,16.1,4,96.3
Beijing ,2022-09-18,6:00:00 PM,0,1007.7,27.8,5,43.1
Beijing ,2022-09-19,12:00:00 AM,0,1005.7,23.3,3,68.7
Beijing ,2022-09-19,6:00:00 AM,0,1005.4,18.3,0,93.3
Beijing ,2022-09-19,12:00:00 PM,0,1005.4,17.8,6,78.6
Beijing ,2022-09-19,6:00:00 PM,0,1003.4,30,3,47.3
Beijing ,2022-09-20,12:00:00 AM,0,1001.4,23.9,0,46.6
Beijing ,2022-09-20,6:00:00 AM,0,1002,17.8,4,89.6
Beijing ,2022-09-20,12:00:00 PM,0,1004.1,22.2,11,93.1
Beijing ,2022-09-20,6:00:00 PM,0,1003.7,27.2,4,41.2
Beijing ,2022-09-21,12:00:00 AM,0,1003.7,25,0,57.7
Beijing ,2022-09-21,6:00:00 AM,0,1004.4,15.6,3,73.2
Beijing ,2022-09-21,12:00:00 PM,0,1005.4,15,5,81.4
Beijing ,2022-09-21,6:00:00 PM,0,1003,28.9,6,65.9
Beijing ,2022-09-22,12:00:00 AM,0,1000.4,25,7,39.9
Beijing ,2022-09-22,6:00:00 AM,0,997.7,21.7,9,61.7
Beijing ,2022-09-22,12:00:00 PM,0,994,21.1,13,58.7
Beijing ,2022-09-22,6:00:00 PM,1,994.7,22.8,18,32.8
Beijing ,2022-09-23,12:00:00 AM,0,998.7,18.9,8,39.3
Beijing ,2022-09-23,6:00:00 AM,0,1003.7,13.3,8,71.2
Beijing ,2022-09-23,12:00:00 PM,0,1006.4,11.7,14,79.9
Beijing ,2022-09-23,6:00:00 PM,0,1006.7,18.9,4,41.8
Beijing ,2022-09-24,12:00:00 AM,0,1007.4,16.7,0,69.2
Beijing ,2022-09-24,6:00:00 AM,0,1009.4,10.6,0,86.5
Beijing ,2022-09-24,12:00:00 PM,0,1009.4,10,5,83.8
Beijing ,2022-09-24,6:00:00 PM,0,1006.4,19.4,3,59.6
Beijing ,2022-09-25,12:00:00 AM,0,1003.4,15,0,63.5
Beijing ,2022-09-25,6:00:00 AM,0,1000.4,13.3,5,90
Beijing ,2022-09-25,12:00:00 PM,0,998.3,14.4,12,93.1
Beijing ,2022-09-25,6:00:00 PM,0,994,23.3,10,37.2
Beijing ,2022-09-26,12:00:00 AM,0,992.6,21.1,3,50.3
Beijing ,2022-09-26,6:00:00 AM,0,995.7,13.3,3,51.5
Beijing ,2022-09-26,12:00:00 PM,0,996.3,14.4,10,66.7
Beijing ,2022-09-26,6:00:00 PM,0,996,25,3,35.8
Beijing ,2022-09-27,12:00:00 AM,0,998,18.3,5,44
Beijing ,2022-09-27,6:00:00 AM,0,1000.4,16.1,0,68.1
Beijing ,2022-09-27,12:00:00 PM,0,1001.7,14.4,11,79.8
Beijing ,2022-09-27,6:00:00 PM,0,1002.7,20,14,45.1
Beijing ,2022-09-28,12:00:00 AM,0,1005.1,16.7,7,61.8
Beijing ,2022-09-28,6:00:00 AM,0,1008.1,10,0,79.6
Beijing ,2022-09-28,12:00:00 PM,0,1010.4,8.9,14,82.9
Beijing ,2022-09-28,6:00:00 PM,0,1011.4,20.6,6,45.1
Beijing ,2022-09-29,12:00:00 AM,0,1013.1,15.6,4,55.7
Beijing ,2022-09-29,6:00:00 AM,0,1015.5,11.7,5,71.5
Beijing ,2022-09-29,12:00:00 PM,0,1017.1,11.7,12,74.3
Beijing ,2022-09-29,6:00:00 PM,0,1016.5,19.4,10,66.5
Beijing ,2022-09-30,12:00:00 AM,0,1015.1,16.7,7,83.7
Beijing ,2022-09-30,6:00:00 AM,0,1014.5,12.2,7,93
Beijing ,2022-09-30,12:00:00 PM,0,1014.1,11.1,7,93
Beijing ,2022-09-30,6:00:00 PM,0,1011.1,15.6,11,89.6
Beijing ,2022-10-01,12:00:00 AM,1,1006.7,13.3,9,96.9
Beijing ,2022-10-01,6:00:00 AM,16,1003.4,11.7,11,96.2
Beijing ,2022-10-01,12:00:00 PM,4,1001.4,13.3,10,93.1
Beijing ,2022-10-01,6:00:00 PM,1,1000,15.6,5,90
Beijing ,2022-10-02,12:00:00 AM,2,999.7,16.1,5,86.5
Beijing ,2022-10-02,6:00:00 AM,2,1001,15.6,10,83
Beijing ,2022-10-02,12:00:00 PM,1,1002.4,13.9,8,70.8
Beijing ,2022-10-02,6:00:00 PM,5,1006.1,13.3,10,56.6
Beijing ,2022-10-03,12:00:00 AM,5,1009.1,12.8,10,76.7
Beijing ,2022-10-03,6:00:00 AM,1,1009.8,12.2,10,86.1
Beijing ,2022-10-03,12:00:00 PM,0,1011.8,8.9,11,83.2
Beijing ,2022-10-03,6:00:00 PM,0,1012.1,12.8,7,71.4
Beijing ,2022-10-04,12:00:00 AM,3,1011.8,10,8,85.7
Beijing ,2022-10-04,6:00:00 AM,3,1009.1,9.4,10,89.2
Beijing ,2022-10-04,12:00:00 PM,2,1007.1,9.4,13,92.3
Beijing ,2022-10-04,6:00:00 PM,0,1005.1,11.7,10,67.3
Beijing ,2022-10-05,12:00:00 AM,0,1004.4,10.6,10,67.5
Beijing ,2022-10-05,6:00:00 AM,0,1002.7,10,8,92.9
Beijing ,2022-10-05,12:00:00 PM,2,1003.4,10.6,11,89.2
Beijing ,2022-10-05,6:00:00 PM,0,1004.1,17.2,5,40.2
Beijing ,2022-10-06,12:00:00 AM,0,1005.1,17.8,0,77.7
Beijing ,2022-10-06,6:00:00 AM,0,1004.7,11.1,3,92.3
Beijing ,2022-10-06,12:00:00 PM,0,1006.1,10,4,96.1
Beijing ,2022-10-06,6:00:00 PM,0,1005.1,24.4,0,32.4
Beijing ,2022-10-07,12:00:00 AM,0,1004.7,16.1,3,61
Beijing ,2022-10-07,6:00:00 AM,0,1005.4,10.6,0,66.4
Beijing ,2022-10-07,12:00:00 PM,0,1006.4,10,7,70.9
Beijing ,2022-10-07,6:00:00 PM,0,1005.1,26.1,11,46.9
Beijing ,2022-10-08,12:00:00 AM,0,1006.4,19.4,8,62.8
Beijing ,2022-10-08,6:00:00 AM,0,1011.1,12.8,6,85.5
Beijing ,2022-10-08,12:00:00 PM,0,1013.1,9.4,9,89.2
Beijing ,2022-10-08,6:00:00 PM,0,1013.1,13.3,5,33.7
Beijing ,2022-10-09,12:00:00 AM,0,1012.4,8.9,0,70.8
Beijing ,2022-10-09,6:00:00 AM,0,1013.4,3.9,4,92.5
Beijing ,2022-10-09,12:00:00 PM,0,1013.4,3.3,5,92.5
Beijing ,2022-10-09,6:00:00 PM,0,1011.8,17.2,0,29.4
Beijing ,2022-10-10,12:00:00 AM,0,1010.8,8.9,0,71.3
Beijing ,2022-10-10,6:00:00 AM,0,1012.1,3.9,0,88.9
Beijing ,2022-10-10,12:00:00 PM,0,1013.4,2.8,4,85.1
Beijing ,2022-10-10,6:00:00 PM,0,1013.1,19.4,3,31.4
Beijing ,2022-10-11,12:00:00 AM,0,1013.1,11.1,0,53.6
Beijing ,2022-10-11,6:00:00 AM,0,1015.1,6.7,0,89.6
Beijing ,2022-10-11,12:00:00 PM,0,1016.8,5.6,3,92.8
Beijing ,2022-10-11,6:00:00 PM,0,1015.8,22.8,5,46
Beijing ,2022-10-12,12:00:00 AM,0,1014.1,16.1,3,61
Beijing ,2022-10-12,6:00:00 AM,0,1014.1,8.3,0,72.5
Beijing ,2022-10-12,12:00:00 PM,0,1012.8,8.9,11,93.2
Beijing ,2022-10-12,6:00:00 PM,0,1009.1,22.8,8,84
Beijing ,2022-10-13,12:00:00 AM,0,1006.4,19.4,10,69.7
Beijing ,2022-10-13,6:00:00 AM,0,1002.7,17.8,13,93
Beijing ,2022-10-13,12:00:00 PM,9,998.3,16.7,9,96.1
Beijing ,2022-10-13,6:00:00 PM,2,995.7,20.6,10,38.9
Beijing ,2022-10-14,12:00:00 AM,0,996.7,17.8,6,52.7
Beijing ,2022-10-14,6:00:00 AM,5,999.7,12.2,0,92.7
Beijing ,2022-10-14,12:00:00 PM,0,1001.7,10.6,8,32.9
Beijing ,2022-10-14,6:00:00 PM,0,1002.4,20,4,55.8
Beijing ,2022-10-15,12:00:00 AM,0,1003.4,13.9,4,89.7
Beijing ,2022-10-15,6:00:00 AM,0,1005.7,6.7,17,79.9
Beijing ,2022-10-15,6:00:00 PM,0,1002.4,23.3,5,36.3
Beijing ,2022-10-16,12:00:00 AM,0,1002.7,17.2,0,60.2
Beijing ,2022-10-16,6:00:00 AM,0,1004.4,9.4,0,86.6
Beijing ,2022-10-16,12:00:00 PM,0,1005.4,10,3,89.5
Beijing ,2022-10-16,6:00:00 PM,0,1003,21.7,6,50.9
Beijing ,2022-10-17,12:00:00 AM,0,1000,17.8,9,49.1
Beijing ,2022-10-17,6:00:00 AM,0,998,14.4,10,40.6
Beijing ,2022-10-17,12:00:00 PM,0,996,13.9,13,75.3
Beijing ,2022-10-17,6:00:00 PM,0,992,21.7,10,38
Beijing ,2022-10-18,12:00:00 AM,0,993,15,8,51.2
Beijing ,2022-10-18,6:00:00 AM,0,995,9.4,3,78.8
Beijing ,2022-10-18,12:00:00 PM,0,995.7,1.7,14,75.7
Beijing ,2022-10-18,6:00:00 PM,0,996,12.2,9,34.1
Beijing ,2022-10-19,12:00:00 AM,0,999,7.2,0,49.5
Beijing ,2022-10-19,6:00:00 AM,0,999.7,2.2,6,79
Beijing ,2022-10-19,12:00:00 PM,0,1000,3.9,14,88.4
Beijing ,2022-10-19,6:00:00 PM,0,1000.4,13.3,7,24.9
Beijing ,2022-10-20,12:00:00 AM,0,1003.4,8.9,7,39.4
Beijing ,2022-10-20,6:00:00 AM,0,1005.4,3.9,6,70.2
Beijing ,2022-10-20,12:00:00 PM,0,1006.1,1.1,9,88.4
Beijing ,2022-10-20,6:00:00 PM,0,1003.7,15.6,5,22.8
Beijing ,2022-10-21,12:00:00 AM,0,1003.4,11.1,0,44.4
Beijing ,2022-10-21,6:00:00 AM,0,1006.4,5.6,0,85.7
Beijing ,2022-10-21,12:00:00 PM,0,1009.1,0.6,6,92.4
Beijing ,2022-10-21,6:00:00 PM,0,1009.1,18.9,6,29.5
Beijing ,2022-10-22,12:00:00 AM,0,1008.7,11.7,0,56.6
Beijing ,2022-10-22,6:00:00 AM,0,1011.1,5,0,85.1
Beijing ,2022-10-22,12:00:00 PM,0,1012.4,1.7,4,85.2
Beijing ,2022-10-22,6:00:00 PM,0,1012.1,20.6,4,67.3
Beijing ,2022-10-23,12:00:00 AM,0,1012.4,12.8,4,62
Beijing ,2022-10-23,6:00:00 AM,0,1012.8,5.6,6,89.5
Beijing ,2022-10-23,12:00:00 PM,0,1012.8,6.7,9,86.6
Beijing ,2022-10-23,6:00:00 PM,0,1012.1,17.2,12,65.6
Beijing ,2022-10-24,12:00:00 AM,0,1011.4,16.7,8,80.8
Beijing ,2022-10-24,6:00:00 AM,0,1010.8,13.9,10,89.6
Beijing ,2022-10-24,12:00:00 PM,0,1010.4,14.4,4,89.6
Beijing ,2022-10-24,6:00:00 PM,0,1009.1,19.4,4,77.9
Beijing ,2022-10-25,12:00:00 AM,0,1009.1,16.1,0,83.5
Beijing ,2022-10-25,6:00:00 AM,0,1008.1,15,0,90.1
Beijing ,2022-10-25,12:00:00 PM,0,1008.1,15,4,93.1
Beijing ,2022-10-25,6:00:00 PM,0,1006.4,17.8,4,77.9
Beijing ,2022-10-26,12:00:00 AM,0,1004.4,16.1,3,69.7
Beijing ,2022-10-26,6:00:00 AM,0,1002.4,14.4,0,64
Beijing ,2022-10-26,12:00:00 PM,0,1000.4,13.9,9,66.2
Beijing ,2022-10-26,6:00:00 PM,1,997.7,17.8,5,40.7
Beijing ,2022-10-27,12:00:00 AM,0,1000,17.8,6,41.7
Beijing ,2022-10-27,6:00:00 AM,0,1004.1,13.9,8,51.8
Beijing ,2022-10-27,12:00:00 PM,0,1009.1,11.7,12,65
Beijing ,2022-10-27,6:00:00 PM,0,1011.4,16.7,10,53.2
Beijing ,2022-10-28,12:00:00 AM,0,1014.1,13.9,7,73.7
Beijing ,2022-10-28,6:00:00 AM,0,1017.5,9.4,8,85.8
Beijing ,2022-10-28,12:00:00 PM,0,1019.8,6.7,8,88.7
Beijing ,2022-10-28,6:00:00 PM,0,1019.5,14.4,4,44
Beijing ,2022-10-29,12:00:00 AM,0,1019.8,10.6,3,65.5
Beijing ,2022-10-29,6:00:00 AM,0,1020.2,6.1,4,89.1
Beijing ,2022-10-29,12:00:00 PM,0,1020.2,5,4,92.3
Beijing ,2022-10-29,6:00:00 PM,0,1018.8,16.7,4,49.5
Beijing ,2022-10-30,12:00:00 AM,0,1017.5,8.9,0,69.1
Beijing ,2022-10-30,6:00:00 AM,0,1015.5,2.2,0,85.7
Beijing ,2022-10-30,12:00:00 PM,0,1014.5,0,0,92.8
Beijing ,2022-10-30,6:00:00 PM,0,1011.1,16.7,0,67.7
Beijing ,2022-10-31,12:00:00 AM,0,1009.8,12.2,0,96.2
Beijing ,2022-10-31,6:00:00 AM,0,1007.7,10.6,12,89.6
Beijing ,2022-10-31,12:00:00 PM,0,1007.4,9.4,4,49.8
Beijing ,2022-10-31,6:00:00 PM,0,1005.1,18.9,4,62.6
Beijing ,2022-11-01,12:00:00 AM,5,1005.1,15,3,80.5
Beijing ,2022-11-01,6:00:00 AM,0,1004.4,15.6,10,86.4
Beijing ,2022-11-01,12:00:00 PM,0,1006.1,12.8,6,47
Beijing ,2022-11-01,6:00:00 PM,0,1006.7,23.9,3,71.8
Beijing ,2022-11-02,12:00:00 AM,0,1009.8,17.2,4,89.2
Beijing ,2022-11-02,6:00:00 AM,0,1012.1,13.9,8,92.7
Beijing ,2022-11-02,12:00:00 PM,0,1015.1,12.2,3,46.8
Beijing ,2022-11-02,6:00:00 PM,0,1015.1,20.6,0,77
Beijing ,2022-11-03,12:00:00 AM,0,1015.5,13.9,0,92.8
Beijing ,2022-11-03,6:00:00 AM,0,1016.1,10,5,96.6
Beijing ,2022-11-03,12:00:00 PM,0,1016.5,7.8,3,49.7
Beijing ,2022-11-03,6:00:00 PM,0,1016.5,20,0,67.7
Beijing ,2022-11-04,12:00:00 AM,0,1016.1,11.7,0,83.8
Beijing ,2022-11-04,6:00:00 AM,0,1015.8,8.3,0,90.4
Beijing ,2022-11-04,12:00:00 PM,0,1016.5,7.2,6,52.4
Beijing ,2022-11-04,6:00:00 PM,0,1015.1,23.3,6,68.4
Beijing ,2022-11-05,12:00:00 AM,0,1013.8,18.9,8,78.3
Beijing ,2022-11-05,6:00:00 AM,0,1012.1,18.9,11,93.3
Beijing ,2022-11-05,12:00:00 PM,0,1011.1,18.3,9,73.6
Beijing ,2022-11-05,6:00:00 PM,0,1009.4,26.1,9,90
Beijing ,2022-11-06,12:00:00 AM,0,1008.1,22.2,6,93.4
Beijing ,2022-11-06,6:00:00 AM,0,1008.7,20.6,12,96.9
Beijing ,2022-11-06,12:00:00 PM,1,1010.1,18.9,5,27.7
Beijing ,2022-11-06,6:00:00 PM,0,1010.1,23.9,7,39.9
Beijing ,2022-11-07,12:00:00 AM,7,1010.1,21.1,3,25.7
Beijing ,2022-11-07,6:00:00 AM,0,1010.4,20,11,51.5
Beijing ,2022-11-07,12:00:00 PM,0,1012.8,18.3,3,37.3
Beijing ,2022-11-07,6:00:00 PM,0,1013.4,25.6,10,42.5
Beijing ,2022-11-08,12:00:00 AM,0,1014.8,18.9,14,49.3
Beijing ,2022-11-08,6:00:00 AM,0,1018.8,14.4,9,75.3
Beijing ,2022-11-08,12:00:00 PM,0,1023.5,8.3,8,35.8
Beijing ,2022-11-08,6:00:00 PM,0,1023.2,14.4,7,63.4
Beijing ,2022-11-09,12:00:00 AM,0,1023.9,11.7,3,85.6
Beijing ,2022-11-09,6:00:00 AM,0,1024.2,8.3,7,85.8
Beijing ,2022-11-09,12:00:00 PM,0,1025.9,1.7,5,54
Beijing ,2022-11-09,6:00:00 PM,0,1024.2,15,0,72.2
Beijing ,2022-11-10,12:00:00 AM,0,1021.8,9.4,0,77.7
Beijing ,2022-11-10,6:00:00 AM,0,1020.2,4.4,4,93.2
Beijing ,2022-11-10,12:00:00 PM,0,1018.8,6.1,0,93.5
Beijing ,2022-11-10,6:00:00 PM,0,1015.1,18.9,0,87.4
Beijing ,2022-11-11,12:00:00 AM,0,1012.1,16.1,4,90
Beijing ,2022-11-11,6:00:00 AM,0,1009.1,16.1,10,72.4
Beijing ,2022-11-11,12:00:00 PM,2,1004.4,16.1,14,52.7
Beijing ,2022-11-11,6:00:00 PM,15,997,21.7,14,67.5
Beijing ,2022-11-12,12:00:00 AM,0,990.6,22.8,8,58
Beijing ,2022-11-12,6:00:00 AM,4,986.9,20.6,3,57.5
Beijing ,2022-11-12,12:00:00 PM,1,995.7,17.2,4,45.3
Beijing ,2022-11-12,6:00:00 PM,0,995.3,20.6,15,44.8
Beijing ,2022-11-13,12:00:00 AM,0,995.7,17.8,16,54.8
Beijing ,2022-11-13,6:00:00 AM,0,1001,8.9,19,74.7
Beijing ,2022-11-13,12:00:00 PM,0,1004.7,6.7,12,38.8
Beijing ,2022-11-13,6:00:00 PM,0,1007.1,7.8,6,61.3
Beijing ,2022-11-14,12:00:00 AM,0,1011.1,6.1,0,78.3
Beijing ,2022-11-14,6:00:00 AM,0,1013.4,4.4,9,81.2
Beijing ,2022-11-14,12:00:00 PM,0,1016.8,-1.7,4,79
Beijing ,2022-11-14,6:00:00 PM,0,1016.8,9.4,4,89.2
Beijing ,2022-11-15,12:00:00 AM,0,1017.1,2.8,0,92.5
Beijing ,2022-11-15,6:00:00 AM,0,1018.1,-0.6,3,92.5
Beijing ,2022-11-15,12:00:00 PM,0,1018.8,-1.1,13,58
Beijing ,2022-11-15,6:00:00 PM,1,1015.5,3.9,8,55.2
Beijing ,2022-11-16,12:00:00 AM,13,1010.1,3.3,0,59.1
Beijing ,2022-11-16,6:00:00 AM,17,1005.4,3.9,13,45.7
Beijing ,2022-11-16,12:00:00 PM,0,1005.7,2.8,13,42.8
Beijing ,2022-11-16,6:00:00 PM,0,1006.1,8.9,5,50.1
Beijing ,2022-11-17,12:00:00 AM,0,1006.7,6.1,10,71.9
Beijing ,2022-11-17,6:00:00 AM,0,1005.7,2.8,21,71.2
Beijing ,2022-11-17,12:00:00 PM,0,1006.7,2.2,10,41.1
Beijing ,2022-11-17,6:00:00 PM,0,1008.7,6.1,3,55.8
Beijing ,2022-11-18,12:00:00 AM,0,1010.4,3.3,5,68.5
Beijing ,2022-11-18,6:00:00 AM,0,1010.4,-1.7,6,34.8
Beijing ,2022-11-18,12:00:00 PM,0,1012.1,-2.2,7,55.8
Beijing ,2022-11-19,12:00:00 AM,0,1010.4,6.7,0,68.4
Beijing ,2022-11-19,6:00:00 AM,0,1013.1,0.6,10,46.7
Beijing ,2022-11-19,12:00:00 PM,0,1014.5,-2.2,4,24.4
Beijing ,2022-11-19,6:00:00 PM,0,1011.1,6.1,5,27.4
Beijing ,2022-11-20,12:00:00 AM,0,1007.4,0.6,12,45.7
Beijing ,2022-11-20,6:00:00 AM,0,1006.7,-2.8,14,59.6
Beijing ,2022-11-20,12:00:00 PM,0,1011.8,-0.6,8,23.6
Beijing ,2022-11-20,6:00:00 PM,0,1013.8,2.8,0,35.8
Beijing ,2022-11-21,12:00:00 AM,0,1017.1,0.6,3,53.6
Beijing ,2022-11-21,6:00:00 AM,0,1019.5,-3.9,10,74.2
Beijing ,2022-11-21,12:00:00 PM,0,1021.5,-5.6,4,18.9
Beijing ,2022-11-21,6:00:00 PM,0,1017.5,7.8,0,30.9
Beijing ,2022-11-22,12:00:00 AM,0,1014.8,5,0,68.6
Beijing ,2022-11-22,6:00:00 AM,0,1016.5,0,9,77.8
Beijing ,2022-11-22,12:00:00 PM,0,1017.8,-4.4,4,23
Beijing ,2022-11-22,6:00:00 PM,0,1015.1,13.9,3,45.3
Beijing ,2022-11-23,12:00:00 AM,0,1013.4,7.8,0,78.2
Beijing ,2022-11-23,6:00:00 AM,0,1012.1,-1.7,5,84.8
Beijing ,2022-11-23,12:00:00 PM,0,1013.4,-3.9,3,31.6
Beijing ,2022-11-23,6:00:00 PM,0,1013.4,16.1,0,45.8
Beijing ,2022-11-24,12:00:00 AM,0,1014.1,7.8,0,73.6
Beijing ,2022-11-24,6:00:00 AM,0,1016.1,-1.1,8,85.9
Beijing ,2022-11-24,12:00:00 PM,0,1016.8,-2.2,5,55.4
Beijing ,2022-11-24,6:00:00 PM,0,1015.5,15,4,47.6
Beijing ,2022-11-25,12:00:00 AM,0,1013.1,9.4,4,69.7
Beijing ,2022-11-25,6:00:00 AM,0,1009.4,7.2,17,81.9
Beijing ,2022-11-25,12:00:00 PM,2,1004.4,7.2,9,31.6
Beijing ,2022-11-25,6:00:00 PM,1,1001,15.6,0,59.3
Beijing ,2022-11-26,12:00:00 AM,0,1004.7,10,3,55.3
Beijing ,2022-11-26,6:00:00 AM,0,1008.1,3.3,3,70.5
Beijing ,2022-11-26,12:00:00 PM,0,1009.8,-0.6,3,96
Beijing ,2022-11-26,6:00:00 PM,0,1008.1,15,5,96.1
Beijing ,2022-11-27,12:00:00 AM,0,1007.4,5.6,4,92.8
Beijing ,2022-11-27,6:00:00 AM,0,1003.7,7.8,3,69.1
Beijing ,2022-11-27,12:00:00 PM,0,1000.4,7.2,3,52.3
Beijing ,2022-11-27,6:00:00 PM,2,991.6,8.9,0,60.6
Beijing ,2022-11-28,12:00:00 AM,1,987.6,11.7,19,81.5
Beijing ,2022-11-28,6:00:00 AM,0,990,9.4,13,88.6
Beijing ,2022-11-28,12:00:00 PM,0,994.3,12.2,8,53.9
Beijing ,2022-11-28,6:00:00 PM,0,1000.4,11.1,0,67.7
Beijing ,2022-11-29,12:00:00 AM,0,1005.7,8.9,0,73.6
Beijing ,2022-11-29,6:00:00 AM,0,1009.4,1.1,9,92.8
Beijing ,2022-11-29,12:00:00 PM,0,1012.4,2.8,4,89.4
Beijing ,2022-11-29,6:00:00 PM,0,1012.8,10,5,32.5
Beijing ,2022-11-30,12:00:00 AM,0,1012.1,7.8,8,42.3
Beijing ,2022-11-30,6:00:00 AM,0,1008.7,7.2,18,49.5
Beijing ,2022-11-30,12:00:00 PM,4,1004.1,8.3,11,34.7
Beijing ,2022-11-30,6:00:00 PM,3,996.3,12.8,4,40.3
Beijing ,2022-12-01,12:00:00 AM,0,1004.4,8.9,16,71.7
Beijing ,2022-12-01,6:00:00 AM,0,1007.7,3.3,11,84.4
Beijing ,2022-12-01,12:00:00 PM,0,1015.1,1.1,5,31.6
Beijing ,2022-12-01,6:00:00 PM,0,1019.5,6.7,0,41.1
Beijing ,2022-12-02,12:00:00 AM,0,1020.5,3.3,0,47.8
Beijing ,2022-12-02,6:00:00 AM,0,1022.2,-2.8,9,89.2
Beijing ,2022-12-02,12:00:00 PM,0,1022.8,-5.6,6,75.1
Beijing ,2022-12-02,6:00:00 PM,0,1019.5,10,14,45.1
Beijing ,2022-12-03,12:00:00 AM,0,1018.1,6.7,10,54.9
Beijing ,2022-12-03,6:00:00 AM,0,1014.8,9.4,16,69.2
Beijing ,2022-12-03,12:00:00 PM,4,1011.1,10,15,41.2
Beijing ,2022-12-03,6:00:00 PM,4,1006.1,16.1,0,60.8
Beijing ,2022-12-04,12:00:00 AM,0,1009.4,13.9,8,80.8
Beijing ,2022-12-04,6:00:00 AM,0,1012.8,5,8,88.5
Beijing ,2022-12-04,12:00:00 PM,0,1014.1,1.1,4,47.3
Beijing ,2022-12-04,6:00:00 PM,0,1012.4,6.1,0,54.9
Beijing ,2022-12-05,12:00:00 AM,0,1011.4,0.6,0,85
Beijing ,2022-12-05,6:00:00 AM,0,1011.4,-3.9,8,82.1
Beijing ,2022-12-05,12:00:00 PM,0,1012.4,-5.6,6,89.6
Beijing ,2022-12-05,6:00:00 PM,0,1012.1,8.9,0,89.1
Beijing ,2022-12-06,12:00:00 AM,0,1012.1,5,3,92.9
Beijing ,2022-12-06,6:00:00 AM,0,1012.4,-0.6,5,92.3
Beijing ,2022-12-06,12:00:00 PM,0,1012.4,5,8,89.9
Beijing ,2022-12-06,6:00:00 PM,1,1011.4,8.3,4,93
Beijing ,2022-12-07,12:00:00 AM,0,1011.4,8.9,3,96
Beijing ,2022-12-07,6:00:00 AM,0,1010.8,10,3,76.7
Beijing ,2022-12-07,12:00:00 PM,0,1010.1,10.6,0,50.7
Beijing ,2022-12-07,6:00:00 PM,1,1009.8,12.2,3,56.6
Beijing ,2022-12-08,12:00:00 AM,0,1009.8,12.2,5,62.5
Beijing ,2022-12-08,6:00:00 AM,0,1011.8,8.9,10,67.2
Beijing ,2022-12-08,12:00:00 PM,0,1013.8,10,7,44.1
Beijing ,2022-12-08,6:00:00 PM,0,1013.8,13.3,7,54.7
Beijing ,2022-12-09,12:00:00 AM,0,1013.1,11.1,6,78.2
Beijing ,2022-12-09,6:00:00 AM,0,1013.4,7.8,5,75.3
Beijing ,2022-12-09,12:00:00 PM,0,1014.8,3.3,6,50.6
Beijing ,2022-12-09,6:00:00 PM,0,1013.8,9.4,4,61.9
Beijing ,2022-12-10,12:00:00 AM,0,1013.4,5.6,0,75.9
Beijing ,2022-12-10,6:00:00 AM,0,1014.5,-1.1,3,85.7
Beijing ,2022-12-10,12:00:00 PM,0,1015.8,1.7,0,79.5
Beijing ,2022-12-10,6:00:00 PM,0,1015.8,5,5,79.4
Beijing ,2022-12-11,12:00:00 AM,0,1014.8,5,4,79.1
Beijing ,2022-12-11,6:00:00 AM,0,1013.4,5,6,52.5
Beijing ,2022-12-11,12:00:00 PM,0,1012.4,5,4,54.9
Beijing ,2022-12-11,6:00:00 PM,0,1008.4,7.2,5,57.3
Beijing ,2022-12-12,12:00:00 AM,0,1008.1,6.1,11,67.2
Beijing ,2022-12-12,6:00:00 AM,0,1008.1,4.4,12,68.9
Beijing ,2022-12-12,12:00:00 PM,0,1010.4,5,5,46.2
Beijing ,2022-12-12,6:00:00 PM,0,1011.8,5,6,49.3
Beijing ,2022-12-13,12:00:00 AM,0,1013.8,4.4,6,81.2
Beijing ,2022-12-13,6:00:00 AM,0,1014.5,3.3,5,84.4
Beijing ,2022-12-13,12:00:00 PM,0,1015.8,-0.6,3,39.1
Beijing ,2022-12-13,6:00:00 PM,0,1014.8,5,0,47.8
Beijing ,2022-12-14,12:00:00 AM,0,1014.1,1.7,0,61.3
Beijing ,2022-12-14,6:00:00 AM,0,1011.8,-5.6,8,91.6
Beijing ,2022-12-14,12:00:00 PM,0,1012.1,-5.6,6,92.4
Beijing ,2022-12-14,6:00:00 PM,0,1010.8,4.4,3,92.5
Beijing ,2022-12-15,12:00:00 AM,0,1010.4,3.3,4,92.5
Beijing ,2022-12-15,6:00:00 AM,0,1010.1,2.8,7,89.2
Beijing ,2022-12-15,12:00:00 PM,10,1009.8,0.6,11,52
Beijing ,2022-12-15,6:00:00 PM,17,1003,2.2,11,62.2
Beijing ,2022-12-16,12:00:00 AM,18,996.7,3.3,4,75.3
Beijing ,2022-12-16,6:00:00 AM,4,994.7,3.3,18,63.9
Beijing ,2022-12-16,12:00:00 PM,1,996.3,3.3,5,39.7
Beijing ,2022-12-16,6:00:00 PM,0,995.3,10,3,48.3
Beijing ,2022-12-17,12:00:00 AM,0,997.7,4.4,4,59.2
Beijing ,2022-12-17,6:00:00 AM,0,997,1.7,8,58.9
Beijing ,2022-12-17,12:00:00 PM,0,999.4,1.7,5,40.9
Beijing ,2022-12-17,6:00:00 PM,0,998,7.2,4,49.5
Beijing ,2022-12-18,12:00:00 AM,0,1000,5,6,60.7
Beijing ,2022-12-18,6:00:00 AM,0,1001.4,3.3,14,62.9
Beijing ,2022-12-18,12:00:00 PM,0,1003.4,2.2,9,40.9
Beijing ,2022-12-18,6:00:00 PM,0,1004.7,5,4,53.9
Beijing ,2022-12-19,12:00:00 AM,0,1010.8,1.1,3,60.7
Beijing ,2022-12-19,6:00:00 AM,0,1012.4,-1.7,11,71.4
Beijing ,2022-12-19,12:00:00 PM,0,1015.1,-2.2,12,47.8
Beijing ,2022-12-19,6:00:00 PM,0,1015.5,5,9,56
Beijing ,2022-12-20,12:00:00 AM,0,1018.5,1.1,4,80.7
Beijing ,2022-12-20,6:00:00 AM,0,1019.8,-1.7,4,84.3
Beijing ,2022-12-20,12:00:00 PM,0,1020.8,-3.9,4,44.8
Beijing ,2022-12-20,6:00:00 PM,0,1019.8,3.3,0,65.9
Beijing ,2022-12-21,12:00:00 AM,0,1019.8,1.1,0,78.1
Beijing ,2022-12-21,6:00:00 AM,0,1020.2,-5,3,78.8
Beijing ,2022-12-21,12:00:00 PM,0,1020.8,-6.7,3,88.6
Beijing ,2022-12-21,6:00:00 PM,0,1020.5,6.1,0,96.1
Beijing ,2022-12-22,12:00:00 AM,0,1019.2,0,6,92.6
Beijing ,2022-12-22,6:00:00 AM,0,1018.8,-1.7,10,92.7
Beijing ,2022-12-22,12:00:00 PM,0,1014.1,2.2,10,41.2
Beijing ,2022-12-22,6:00:00 PM,11,1006.4,3.9,9,39.8
Beijing ,2022-12-23,12:00:00 AM,21,995.3,10.6,11,45
Beijing ,2022-12-23,6:00:00 AM,22,986.6,5,19,51.7
Beijing ,2022-12-23,12:00:00 PM,1,978.9,6.7,15,38.8
Beijing ,2022-12-23,6:00:00 PM,4,987.6,-4.4,8,51
Beijing ,2022-12-24,12:00:00 AM,0,995,-10,6,79.6
Beijing ,2022-12-24,6:00:00 AM,0,999,-12.2,6,76.3
Beijing ,2022-12-24,12:00:00 PM,0,1002,-13.9,4,40.7
Beijing ,2022-12-24,6:00:00 PM,0,1002.4,-7.8,3,46.2
Beijing ,2022-12-25,12:00:00 AM,0,1003.4,-8.9,0,73.3
Beijing ,2022-12-25,6:00:00 AM,0,1003,-12.2,6,58.7
Beijing ,2022-12-25,12:00:00 PM,0,1004.1,-12.8,6,42.8
Beijing ,2022-12-25,6:00:00 PM,0,1004.1,-1.7,0,52.8
Beijing ,2022-12-26,12:00:00 AM,0,1006.1,-2.2,7,65.8
Beijing ,2022-12-26,6:00:00 AM,0,1009.8,-8.9,5,71.4
Beijing ,2022-12-26,12:00:00 PM,0,1013.4,-7.2,3,33
Beijing ,2022-12-26,6:00:00 PM,0,1013.4,-0.6,0,45.4
Beijing ,2022-12-27,12:00:00 AM,0,1013.1,-2.8,0,74.1
Beijing ,2022-12-27,6:00:00 AM,0,1013.1,-2.8,4,77.5
Beijing ,2022-12-27,12:00:00 PM,0,1014.5,-3.9,5,40.3
Beijing ,2022-12-27,6:00:00 PM,0,1014.1,5.6,0,66.7
Beijing ,2022-12-28,12:00:00 AM,0,1014.8,1.1,0,61.3
Beijing ,2022-12-28,6:00:00 AM,0,1014.1,-5,7,80.8
Beijing ,2022-12-28,12:00:00 PM,0,1014.8,-5.6,3,39.2
Beijing ,2022-12-28,6:00:00 PM,0,1014.8,8.3,4,55
Beijing ,2022-12-29,12:00:00 AM,0,1015.1,1.1,0,81.4
Beijing ,2022-12-29,6:00:00 AM,0,1013.8,2.8,3,84.9
Beijing ,2022-12-29,12:00:00 PM,0,1015.1,-3.9,0,43.8
Beijing ,2022-12-29,6:00:00 PM,0,1014.5,11.7,0,64
Beijing ,2022-12-30,12:00:00 AM,0,1015.1,6.7,0,
Beijing ,2022-12-30,6:00:00 AM,0,1014.8,0,9,
Beijing ,2022-12-30,12:00:00 PM,0,1014.8,-1.7,5,
Beijing ,2022-12-30,6:00:00 PM,0,1012.1,15,,
Beijing ,2022-12-31,12:00:00 AM,0,1011.1,13.9,,